{
  "metadata": {
    "catalog": "IFT_Codigos_LADA",
    "description": "Códigos LADA (Long Distance Automatic) de México - Plan de numeración telefónica",
    "source": "Instituto Federal de Telecomunicaciones (IFT)",
    "last_updated": "2025-11-10",
    "notes": "Plan de numeración telefónica con 397 códigos LADA oficiales (IFT). Incluye mapeo geográfico completo a códigos INEGI (cve_entidad, cve_municipio)."
  },
  "codigos": [
    {
      "lada": "33",
      "ciudad": "Guadalajara",
      "estado": "Jalisco",
      "tipo": "metropolitana",
      "region": "occidente",
      "cve_entidad": "14",
      "cve_municipio": "039"
    },
    {
      "lada": "55",
      "ciudad": "Ciudad de México",
      "estado": "CDMX",
      "tipo": "metropolitana",
      "region": "centro",
      "cve_entidad": "09",
      "cve_municipio": "015"
    },
    {
      "lada": "81",
      "ciudad": "Monterrey",
      "estado": "Nuevo León",
      "tipo": "metropolitana",
      "region": "noreste",
      "cve_entidad": "19",
      "cve_municipio": "039"
    },
    {
      "lada": "222",
      "ciudad": "Puebla",
      "estado": "Puebla",
      "tipo": "metropolitana",
      "region": "centro",
      "cve_entidad": "21",
      "cve_municipio": "114"
    },
    {
      "lada": "223",
      "ciudad": "Teziutlán",
      "estado": "Puebla",
      "tipo": "normal",
      "region": "centro",
      "cve_entidad": "21",
      "cve_municipio": "174"
    },
    {
      "lada": "224",
      "ciudad": "Atlixco",
      "estado": "Puebla",
      "tipo": "normal",
      "region": "centro",
      "cve_entidad": "21",
      "cve_municipio": "019"
    },
    {
      "lada": "225",
      "ciudad": "Huejotzingo",
      "estado": "Puebla",
      "tipo": "normal",
      "region": "centro",
      "cve_entidad": "21",
      "cve_municipio": "074"
    },
    {
      "lada": "226",
      "ciudad": "San Martín Texmelucan",
      "estado": "Puebla",
      "tipo": "normal",
      "region": "centro",
      "cve_entidad": "21",
      "cve_municipio": "132"
    },
    {
      "lada": "227",
      "ciudad": "Cholula",
      "estado": "Puebla",
      "tipo": "normal",
      "region": "centro",
      "cve_entidad": "21",
      "cve_municipio": "119"
    },
    {
      "lada": "228",
      "ciudad": "Veracruz",
      "estado": "Veracruz",
      "tipo": "metropolitana",
      "region": "golfo",
      "cve_entidad": "30",
      "cve_municipio": "193"
    },
    {
      "lada": "229",
      "ciudad": "Boca del Río",
      "estado": "Veracruz",
      "tipo": "normal",
      "region": "golfo",
      "cve_entidad": "30",
      "cve_municipio": "028"
    },
    {
      "lada": "231",
      "ciudad": "Zacapoaxtla",
      "estado": "Puebla",
      "tipo": "normal",
      "region": "centro",
      "cve_entidad": "21",
      "cve_municipio": "207"
    },
    {
      "lada": "232",
      "ciudad": "Huauchinango",
      "estado": "Puebla",
      "tipo": "normal",
      "region": "centro",
      "cve_entidad": "21",
      "cve_municipio": "071"
    },
    {
      "lada": "233",
      "ciudad": "Zacatlán",
      "estado": "Puebla",
      "tipo": "normal",
      "region": "centro",
      "cve_entidad": "21",
      "cve_municipio": "208"
    },
    {
      "lada": "235",
      "ciudad": "Arroyo Hondo",
      "estado": "Veracruz",
      "tipo": "normal",
      "region": "golfo",
      "cve_entidad": "30",
      "cve_municipio": "001"
    },
    {
      "lada": "236",
      "ciudad": "Izúcar de Matamoros",
      "estado": "Puebla",
      "tipo": "normal",
      "region": "centro",
      "cve_entidad": "21",
      "cve_municipio": "085"
    },
    {
      "lada": "237",
      "ciudad": "Acatlán",
      "estado": "Puebla",
      "tipo": "normal",
      "region": "centro",
      "cve_entidad": "21",
      "cve_municipio": "003"
    },
    {
      "lada": "238",
      "ciudad": "Tecamachalco",
      "estado": "Puebla",
      "tipo": "normal",
      "region": "centro",
      "cve_entidad": "21",
      "cve_municipio": "154"
    },
    {
      "lada": "241",
      "ciudad": "Apizaco",
      "estado": "Tlaxcala",
      "tipo": "normal",
      "region": "centro",
      "cve_entidad": "29",
      "cve_municipio": "005"
    },
    {
      "lada": "243",
      "ciudad": "Calpulalpan",
      "estado": "Tlaxcala",
      "tipo": "normal",
      "region": "centro",
      "cve_entidad": "29",
      "cve_municipio": "006"
    },
    {
      "lada": "244",
      "ciudad": "Huamantla",
      "estado": "Tlaxcala",
      "tipo": "normal",
      "region": "centro",
      "cve_entidad": "29",
      "cve_municipio": "013"
    },
    {
      "lada": "245",
      "ciudad": "Libres",
      "estado": "Puebla",
      "tipo": "normal",
      "region": "centro",
      "cve_entidad": "21",
      "cve_municipio": "094"
    },
    {
      "lada": "246",
      "ciudad": "Alcotitla (Xaltipan)",
      "estado": "Tlaxcala",
      "tipo": "normal",
      "region": "centro",
      "cve_entidad": "29",
      "cve_municipio": "001"
    },
    {
      "lada": "247",
      "ciudad": "Huamantla",
      "estado": "Tlaxcala",
      "tipo": "normal",
      "region": "centro",
      "cve_entidad": "29",
      "cve_municipio": "013"
    },
    {
      "lada": "248",
      "ciudad": "Tlatlauquitepec",
      "estado": "Puebla",
      "tipo": "normal",
      "region": "centro",
      "cve_entidad": "21",
      "cve_municipio": "186"
    },
    {
      "lada": "249",
      "ciudad": "Chignahuapan",
      "estado": "Puebla",
      "tipo": "normal",
      "region": "centro",
      "cve_entidad": "21",
      "cve_municipio": "053"
    },
    {
      "lada": "271",
      "ciudad": "Córdoba",
      "estado": "Veracruz",
      "tipo": "normal",
      "region": "golfo",
      "cve_entidad": "30",
      "cve_municipio": "044"
    },
    {
      "lada": "272",
      "ciudad": "Orizaba",
      "estado": "Veracruz",
      "tipo": "normal",
      "region": "golfo",
      "cve_entidad": "30",
      "cve_municipio": "118"
    },
    {
      "lada": "273",
      "ciudad": "Fortín",
      "estado": "Veracruz",
      "tipo": "normal",
      "region": "golfo",
      "cve_entidad": "30",
      "cve_municipio": "068"
    },
    {
      "lada": "274",
      "ciudad": "Río Blanco",
      "estado": "Veracruz",
      "tipo": "normal",
      "region": "golfo",
      "cve_entidad": "30",
      "cve_municipio": "138"
    },
    {
      "lada": "275",
      "ciudad": "Acaxtlahuacán de Albino Zertuche",
      "estado": "Puebla",
      "tipo": "normal",
      "region": "centro",
      "cve_entidad": "21",
      "cve_municipio": "011"
    },
    {
      "lada": "276",
      "ciudad": "Cuyoaco",
      "estado": "Puebla",
      "tipo": "normal",
      "region": "centro",
      "cve_entidad": "21",
      "cve_municipio": "044"
    },
    {
      "lada": "278",
      "ciudad": "Tierra Blanca",
      "estado": "Veracruz",
      "tipo": "normal",
      "region": "golfo",
      "cve_entidad": "30",
      "cve_municipio": "174"
    },
    {
      "lada": "279",
      "ciudad": "Cosamaloapan",
      "estado": "Veracruz",
      "tipo": "normal",
      "region": "golfo",
      "cve_entidad": "30",
      "cve_municipio": "045"
    },
    {
      "lada": "281",
      "ciudad": "Poza Rica",
      "estado": "Veracruz",
      "tipo": "normal",
      "region": "golfo",
      "cve_entidad": "30",
      "cve_municipio": "131"
    },
    {
      "lada": "282",
      "ciudad": "Martínez de la Torre",
      "estado": "Veracruz",
      "tipo": "normal",
      "region": "golfo",
      "cve_entidad": "30",
      "cve_municipio": "102"
    },
    {
      "lada": "283",
      "ciudad": "Papantla",
      "estado": "Veracruz",
      "tipo": "normal",
      "region": "golfo",
      "cve_entidad": "30",
      "cve_municipio": "124"
    },
    {
      "lada": "284",
      "ciudad": "Perote",
      "estado": "Veracruz",
      "tipo": "normal",
      "region": "golfo",
      "cve_entidad": "30",
      "cve_municipio": "128"
    },
    {
      "lada": "285",
      "ciudad": "Naranjos",
      "estado": "Veracruz",
      "tipo": "normal",
      "region": "golfo",
      "cve_entidad": "30",
      "cve_municipio": "013"
    },
    {
      "lada": "287",
      "ciudad": "Misantla",
      "estado": "Veracruz",
      "tipo": "normal",
      "region": "golfo",
      "cve_entidad": "30",
      "cve_municipio": "109"
    },
    {
      "lada": "288",
      "ciudad": "Alvarado",
      "estado": "Veracruz",
      "tipo": "normal",
      "region": "golfo",
      "cve_entidad": "30",
      "cve_municipio": "011"
    },
    {
      "lada": "294",
      "ciudad": "Coatzacoalcos",
      "estado": "Veracruz",
      "tipo": "normal",
      "region": "golfo",
      "cve_entidad": "30",
      "cve_municipio": "039"
    },
    {
      "lada": "296",
      "ciudad": "Acayucan",
      "estado": "Veracruz",
      "tipo": "normal",
      "region": "golfo",
      "cve_entidad": "30",
      "cve_municipio": "003"
    },
    {
      "lada": "297",
      "ciudad": "San Andrés Tuxtla",
      "estado": "Veracruz",
      "tipo": "normal",
      "region": "golfo",
      "cve_entidad": "30",
      "cve_municipio": "141"
    },
    {
      "lada": "311",
      "ciudad": "Nuevo Vallarta",
      "estado": "Nayarit",
      "tipo": "turistica",
      "region": "occidente",
      "cve_entidad": "18",
      "cve_municipio": "011"
    },
    {
      "lada": "312",
      "ciudad": "Manzanillo",
      "estado": "Colima",
      "tipo": "turistica",
      "region": "occidente",
      "cve_entidad": "06",
      "cve_municipio": "007"
    },
    {
      "lada": "313",
      "ciudad": "Tecomán",
      "estado": "Colima",
      "tipo": "normal",
      "region": "occidente",
      "cve_entidad": "06",
      "cve_municipio": "009"
    },
    {
      "lada": "314",
      "ciudad": "Colima",
      "estado": "Colima",
      "tipo": "normal",
      "region": "occidente",
      "cve_entidad": "06",
      "cve_municipio": "002"
    },
    {
      "lada": "315",
      "ciudad": "Barra de Navidad",
      "estado": "Jalisco",
      "tipo": "turistica",
      "region": "occidente",
      "cve_entidad": "14",
      "cve_municipio": "001"
    },
    {
      "lada": "316",
      "ciudad": "Ayutla",
      "estado": "Jalisco",
      "tipo": "normal",
      "region": "occidente",
      "cve_entidad": "14",
      "cve_municipio": "017"
    },
    {
      "lada": "317",
      "ciudad": "Ahuacapan",
      "estado": "Jalisco",
      "tipo": "normal",
      "region": "occidente",
      "cve_entidad": "14",
      "cve_municipio": "001"
    },
    {
      "lada": "319",
      "ciudad": "Chilapa",
      "estado": "Nayarit",
      "tipo": "normal",
      "region": "occidente",
      "cve_entidad": "18",
      "cve_municipio": "001"
    },
    {
      "lada": "321",
      "ciudad": "Ayuquila",
      "estado": "Jalisco",
      "tipo": "normal",
      "region": "occidente",
      "cve_entidad": "14",
      "cve_municipio": "017"
    },
    {
      "lada": "322",
      "ciudad": "Puerto Vallarta",
      "estado": "Jalisco",
      "tipo": "turistica",
      "region": "occidente",
      "cve_entidad": "14",
      "cve_municipio": "067"
    },
    {
      "lada": "323",
      "ciudad": "Amapa",
      "estado": "Nayarit",
      "tipo": "normal",
      "region": "occidente",
      "cve_entidad": "18",
      "cve_municipio": "001"
    },
    {
      "lada": "324",
      "ciudad": "Ahuacatlán",
      "estado": "Nayarit",
      "tipo": "normal",
      "region": "occidente",
      "cve_entidad": "18",
      "cve_municipio": "002"
    },
    {
      "lada": "325",
      "ciudad": "Acaponeta",
      "estado": "Nayarit",
      "tipo": "normal",
      "region": "occidente",
      "cve_entidad": "18",
      "cve_municipio": "001"
    },
    {
      "lada": "326",
      "ciudad": "Atemajac de Brizuela",
      "estado": "Jalisco",
      "tipo": "normal",
      "region": "occidente",
      "cve_entidad": "14",
      "cve_municipio": "010"
    },
    {
      "lada": "327",
      "ciudad": "Amado Nervo (El Conde)",
      "estado": "Nayarit",
      "tipo": "normal",
      "region": "occidente",
      "cve_entidad": "18",
      "cve_municipio": "001"
    },
    {
      "lada": "328",
      "ciudad": "Changuitiro",
      "estado": "Michoacán",
      "tipo": "normal",
      "region": "occidente",
      "cve_entidad": "16",
      "cve_municipio": "022"
    },
    {
      "lada": "329",
      "ciudad": "Bucerías",
      "estado": "Nayarit",
      "tipo": "turistica",
      "region": "occidente",
      "cve_entidad": "18",
      "cve_municipio": "001"
    },
    {
      "lada": "341",
      "ciudad": "Autlán",
      "estado": "Jalisco",
      "tipo": "normal",
      "region": "occidente",
      "cve_entidad": "14",
      "cve_municipio": "017"
    },
    {
      "lada": "342",
      "ciudad": "La Barca",
      "estado": "Jalisco",
      "tipo": "normal",
      "region": "occidente",
      "cve_entidad": "14",
      "cve_municipio": "018"
    },
    {
      "lada": "343",
      "ciudad": "Ciudad Guzmán",
      "estado": "Jalisco",
      "tipo": "normal",
      "region": "occidente",
      "cve_entidad": "14",
      "cve_municipio": "023"
    },
    {
      "lada": "344",
      "ciudad": "Chapala",
      "estado": "Jalisco",
      "tipo": "normal",
      "region": "occidente",
      "cve_entidad": "14",
      "cve_municipio": "030"
    },
    {
      "lada": "345",
      "ciudad": "Lagos de Moreno",
      "estado": "Jalisco",
      "tipo": "normal",
      "region": "occidente",
      "cve_entidad": "14",
      "cve_municipio": "053"
    },
    {
      "lada": "346",
      "ciudad": "Ocotlán",
      "estado": "Jalisco",
      "tipo": "normal",
      "region": "occidente",
      "cve_entidad": "14",
      "cve_municipio": "063"
    },
    {
      "lada": "347",
      "ciudad": "Arandas",
      "estado": "Jalisco",
      "tipo": "normal",
      "region": "occidente",
      "cve_entidad": "14",
      "cve_municipio": "008"
    },
    {
      "lada": "348",
      "ciudad": "Tequila",
      "estado": "Jalisco",
      "tipo": "normal",
      "region": "occidente",
      "cve_entidad": "14",
      "cve_municipio": "094"
    },
    {
      "lada": "349",
      "ciudad": "Ameca",
      "estado": "Jalisco",
      "tipo": "normal",
      "region": "occidente",
      "cve_entidad": "14",
      "cve_municipio": "006"
    },
    {
      "lada": "351",
      "ciudad": "Zamora",
      "estado": "Michoacán",
      "tipo": "normal",
      "region": "centro",
      "cve_entidad": "16",
      "cve_municipio": "108"
    },
    {
      "lada": "352",
      "ciudad": "Uruapan",
      "estado": "Michoacán",
      "tipo": "normal",
      "region": "centro",
      "cve_entidad": "16",
      "cve_municipio": "102"
    },
    {
      "lada": "353",
      "ciudad": "Los Reyes",
      "estado": "Michoacán",
      "tipo": "normal",
      "region": "centro",
      "cve_entidad": "16",
      "cve_municipio": "075"
    },
    {
      "lada": "354",
      "ciudad": "Pátzcuaro",
      "estado": "Michoacán",
      "tipo": "normal",
      "region": "centro",
      "cve_entidad": "16",
      "cve_municipio": "066"
    },
    {
      "lada": "355",
      "ciudad": "Zitácuaro",
      "estado": "Michoacán",
      "tipo": "normal",
      "region": "centro",
      "cve_entidad": "16",
      "cve_municipio": "112"
    },
    {
      "lada": "356",
      "ciudad": "Hidalgo del Parral",
      "estado": "Chihuahua",
      "tipo": "normal",
      "region": "norte",
      "cve_entidad": "08",
      "cve_municipio": "032"
    },
    {
      "lada": "357",
      "ciudad": "Casimiro Castillo",
      "estado": "Jalisco",
      "tipo": "normal",
      "region": "occidente",
      "cve_entidad": "14",
      "cve_municipio": "021"
    },
    {
      "lada": "358",
      "ciudad": "Apatzingán",
      "estado": "Michoacán",
      "tipo": "normal",
      "region": "centro",
      "cve_entidad": "16",
      "cve_municipio": "006"
    },
    {
      "lada": "359",
      "ciudad": "El Colorado (Zerecuato)",
      "estado": "Michoacán",
      "tipo": "normal",
      "region": "occidente",
      "cve_entidad": "16",
      "cve_municipio": "001"
    },
    {
      "lada": "371",
      "ciudad": "Ciudad Altamirano",
      "estado": "Guerrero",
      "tipo": "normal",
      "region": "sur",
      "cve_entidad": "12",
      "cve_municipio": "050"
    },
    {
      "lada": "372",
      "ciudad": "Amacueca",
      "estado": "Jalisco",
      "tipo": "normal",
      "region": "occidente",
      "cve_entidad": "14",
      "cve_municipio": "004"
    },
    {
      "lada": "373",
      "ciudad": "Iguala",
      "estado": "Guerrero",
      "tipo": "normal",
      "region": "sur",
      "cve_entidad": "12",
      "cve_municipio": "036"
    },
    {
      "lada": "374",
      "ciudad": "Amatitán",
      "estado": "Jalisco",
      "tipo": "normal",
      "region": "occidente",
      "cve_entidad": "14",
      "cve_municipio": "005"
    },
    {
      "lada": "375",
      "ciudad": "Chilpancingo",
      "estado": "Guerrero",
      "tipo": "normal",
      "region": "sur",
      "cve_entidad": "12",
      "cve_municipio": "029"
    },
    {
      "lada": "376",
      "ciudad": "Ajijic",
      "estado": "Jalisco",
      "tipo": "normal",
      "region": "occidente",
      "cve_entidad": "14",
      "cve_municipio": "001"
    },
    {
      "lada": "377",
      "ciudad": "Agua Caliente",
      "estado": "Jalisco",
      "tipo": "normal",
      "region": "occidente",
      "cve_entidad": "14",
      "cve_municipio": "001"
    },
    {
      "lada": "378",
      "ciudad": "Acatic",
      "estado": "Jalisco",
      "tipo": "normal",
      "region": "occidente",
      "cve_entidad": "14",
      "cve_municipio": "001"
    },
    {
      "lada": "381",
      "ciudad": "Morelia",
      "estado": "Michoacán",
      "tipo": "normal",
      "region": "centro",
      "cve_entidad": "16",
      "cve_municipio": "053"
    },
    {
      "lada": "382",
      "ciudad": "Mazamitla",
      "estado": "Jalisco",
      "tipo": "normal",
      "region": "occidente",
      "cve_entidad": "14",
      "cve_municipio": "059"
    },
    {
      "lada": "383",
      "ciudad": "Lázaro Cárdenas",
      "estado": "Michoacán",
      "tipo": "normal",
      "region": "centro",
      "cve_entidad": "16",
      "cve_municipio": "052"
    },
    {
      "lada": "384",
      "ciudad": "Tacámbaro",
      "estado": "Michoacán",
      "tipo": "normal",
      "region": "centro",
      "cve_entidad": "16",
      "cve_municipio": "082"
    },
    {
      "lada": "385",
      "ciudad": "Buenavista",
      "estado": "Jalisco",
      "tipo": "normal",
      "region": "occidente",
      "cve_entidad": "14",
      "cve_municipio": "001"
    },
    {
      "lada": "386",
      "ciudad": "La Piedad",
      "estado": "Michoacán",
      "tipo": "normal",
      "region": "centro",
      "cve_entidad": "16",
      "cve_municipio": "069"
    },
    {
      "lada": "387",
      "ciudad": "Hidalgo",
      "estado": "Michoacán",
      "tipo": "normal",
      "region": "centro",
      "cve_entidad": "16",
      "cve_municipio": "034"
    },
    {
      "lada": "388",
      "ciudad": "Ciudad Hidalgo",
      "estado": "Michoacán",
      "tipo": "normal",
      "region": "centro",
      "cve_entidad": "16",
      "cve_municipio": "034"
    },
    {
      "lada": "389",
      "ciudad": "Maravatío",
      "estado": "Michoacán",
      "tipo": "normal",
      "region": "centro",
      "cve_entidad": "16",
      "cve_municipio": "050"
    },
    {
      "lada": "391",
      "ciudad": "Atotonilco El Alto",
      "estado": "Jalisco",
      "tipo": "normal",
      "region": "occidente",
      "cve_entidad": "14",
      "cve_municipio": "013"
    },
    {
      "lada": "392",
      "ciudad": "Jamay",
      "estado": "Jalisco",
      "tipo": "normal",
      "region": "occidente",
      "cve_entidad": "14",
      "cve_municipio": "047"
    },
    {
      "lada": "393",
      "ciudad": "Condiro",
      "estado": "Jalisco",
      "tipo": "normal",
      "region": "occidente",
      "cve_entidad": "14",
      "cve_municipio": "001"
    },
    {
      "lada": "394",
      "ciudad": "Cotija de la Paz",
      "estado": "Michoacán",
      "tipo": "normal",
      "region": "occidente",
      "cve_entidad": "16",
      "cve_municipio": "001"
    },
    {
      "lada": "395",
      "ciudad": "Mezquitic de la Magdalena",
      "estado": "Jalisco",
      "tipo": "normal",
      "region": "occidente",
      "cve_entidad": "14",
      "cve_municipio": "001"
    },
    {
      "lada": "411",
      "ciudad": "San Juan del Río",
      "estado": "Querétaro",
      "tipo": "normal",
      "region": "centro",
      "cve_entidad": "22",
      "cve_municipio": "016"
    },
    {
      "lada": "412",
      "ciudad": "Comonfort",
      "estado": "Guanajuato",
      "tipo": "normal",
      "region": "bajio",
      "cve_entidad": "11",
      "cve_municipio": "009"
    },
    {
      "lada": "413",
      "ciudad": "Apaseo el Alto",
      "estado": "Guanajuato",
      "tipo": "normal",
      "region": "bajio",
      "cve_entidad": "11",
      "cve_municipio": "004"
    },
    {
      "lada": "414",
      "ciudad": "Tequisquiapan",
      "estado": "Querétaro",
      "tipo": "normal",
      "region": "centro",
      "cve_entidad": "22",
      "cve_municipio": "017"
    },
    {
      "lada": "415",
      "ciudad": "Atotonilco",
      "estado": "Guanajuato",
      "tipo": "normal",
      "region": "bajio",
      "cve_entidad": "11",
      "cve_municipio": "001"
    },
    {
      "lada": "417",
      "ciudad": "Acámbaro",
      "estado": "Guanajuato",
      "tipo": "normal",
      "region": "bajio",
      "cve_entidad": "11",
      "cve_municipio": "002"
    },
    {
      "lada": "418",
      "ciudad": "Adjuntas del Río",
      "estado": "Guanajuato",
      "tipo": "normal",
      "region": "bajio",
      "cve_entidad": "11",
      "cve_municipio": "001"
    },
    {
      "lada": "419",
      "ciudad": "Cadereyta",
      "estado": "Querétaro",
      "tipo": "normal",
      "region": "centro",
      "cve_entidad": "22",
      "cve_municipio": "005"
    },
    {
      "lada": "421",
      "ciudad": "San Miguel de Allende",
      "estado": "Guanajuato",
      "tipo": "normal",
      "region": "centro",
      "cve_entidad": "11",
      "cve_municipio": "003"
    },
    {
      "lada": "422",
      "ciudad": "Ario de Rosales",
      "estado": "Michoacán",
      "tipo": "normal",
      "region": "occidente",
      "cve_entidad": "16",
      "cve_municipio": "001"
    },
    {
      "lada": "423",
      "ciudad": "Ahuirán",
      "estado": "Michoacán",
      "tipo": "normal",
      "region": "occidente",
      "cve_entidad": "16",
      "cve_municipio": "024"
    },
    {
      "lada": "424",
      "ciudad": "Jilotlán de los Dolores",
      "estado": "Jalisco",
      "tipo": "normal",
      "region": "occidente",
      "cve_entidad": "14",
      "cve_municipio": "049"
    },
    {
      "lada": "425",
      "ciudad": "Antunez",
      "estado": "Michoacán",
      "tipo": "normal",
      "region": "occidente",
      "cve_entidad": "16",
      "cve_municipio": "001"
    },
    {
      "lada": "426",
      "ciudad": "Aguililla",
      "estado": "Michoacán",
      "tipo": "normal",
      "region": "occidente",
      "cve_entidad": "16",
      "cve_municipio": "002"
    },
    {
      "lada": "427",
      "ciudad": "Polotitlán",
      "estado": "Estado de México",
      "tipo": "normal",
      "region": "centro",
      "cve_entidad": "15",
      "cve_municipio": "071"
    },
    {
      "lada": "428",
      "ciudad": "Dolores Hidalgo",
      "estado": "Guanajuato",
      "tipo": "normal",
      "region": "centro",
      "cve_entidad": "11",
      "cve_municipio": "013"
    },
    {
      "lada": "429",
      "ciudad": "San Luis de la Paz",
      "estado": "Guanajuato",
      "tipo": "normal",
      "region": "centro",
      "cve_entidad": "11",
      "cve_municipio": "033"
    },
    {
      "lada": "431",
      "ciudad": "Cañadas de Obregón",
      "estado": "Jalisco",
      "tipo": "normal",
      "region": "occidente",
      "cve_entidad": "14",
      "cve_municipio": "117"
    },
    {
      "lada": "432",
      "ciudad": "Calzada del Tepozán (El Tepozán)",
      "estado": "Guanajuato",
      "tipo": "normal",
      "region": "bajio",
      "cve_entidad": "11",
      "cve_municipio": "001"
    },
    {
      "lada": "433",
      "ciudad": "Benito Juárez",
      "estado": "Zacatecas",
      "tipo": "metropolitana",
      "region": "centro",
      "cve_entidad": "32",
      "cve_municipio": "004"
    },
    {
      "lada": "434",
      "ciudad": "Acuitzio del Canje",
      "estado": "Michoacán",
      "tipo": "normal",
      "region": "occidente",
      "cve_entidad": "16",
      "cve_municipio": "001"
    },
    {
      "lada": "435",
      "ciudad": "Angao de los Herrera",
      "estado": "Michoacán",
      "tipo": "normal",
      "region": "occidente",
      "cve_entidad": "16",
      "cve_municipio": "001"
    },
    {
      "lada": "436",
      "ciudad": "Cantabria",
      "estado": "Michoacán",
      "tipo": "normal",
      "region": "occidente",
      "cve_entidad": "16",
      "cve_municipio": "001"
    },
    {
      "lada": "437",
      "ciudad": "Bolaños",
      "estado": "Jalisco",
      "tipo": "normal",
      "region": "occidente",
      "cve_entidad": "14",
      "cve_municipio": "019"
    },
    {
      "lada": "438",
      "ciudad": "Salvatierra",
      "estado": "Guanajuato",
      "tipo": "normal",
      "region": "centro",
      "cve_entidad": "11",
      "cve_municipio": "028"
    },
    {
      "lada": "441",
      "ciudad": "Cuesta Colorada",
      "estado": "Hidalgo",
      "tipo": "normal",
      "region": "centro",
      "cve_entidad": "13",
      "cve_municipio": "001"
    },
    {
      "lada": "442",
      "ciudad": "Querétaro",
      "estado": "Querétaro",
      "tipo": "metropolitana",
      "region": "centro",
      "cve_entidad": "22",
      "cve_municipio": "014"
    },
    {
      "lada": "443",
      "ciudad": "Capula",
      "estado": "Michoacán",
      "tipo": "normal",
      "region": "occidente",
      "cve_entidad": "16",
      "cve_municipio": "001"
    },
    {
      "lada": "444",
      "ciudad": "San Luis Potosí",
      "estado": "San Luis Potosí",
      "tipo": "normal",
      "region": "centro",
      "cve_entidad": "24",
      "cve_municipio": "028"
    },
    {
      "lada": "445",
      "ciudad": "Irapuato",
      "estado": "Guanajuato",
      "tipo": "normal",
      "region": "centro",
      "cve_entidad": "11",
      "cve_municipio": "017"
    },
    {
      "lada": "447",
      "ciudad": "Apeo",
      "estado": "Michoacán",
      "tipo": "normal",
      "region": "occidente",
      "cve_entidad": "16",
      "cve_municipio": "007"
    },
    {
      "lada": "448",
      "ciudad": "Amealco",
      "estado": "Querétaro",
      "tipo": "normal",
      "region": "centro",
      "cve_entidad": "22",
      "cve_municipio": "001"
    },
    {
      "lada": "449",
      "ciudad": "Aguascalientes",
      "estado": "Aguascalientes",
      "tipo": "metropolitana",
      "region": "centro",
      "cve_entidad": "01",
      "cve_municipio": "001"
    },
    {
      "lada": "451",
      "ciudad": "Araro",
      "estado": "Michoacán",
      "tipo": "normal",
      "region": "occidente",
      "cve_entidad": "16",
      "cve_municipio": "009"
    },
    {
      "lada": "452",
      "ciudad": "Ampliación los Angeles",
      "estado": "Michoacán",
      "tipo": "normal",
      "region": "occidente",
      "cve_entidad": "16",
      "cve_municipio": "001"
    },
    {
      "lada": "453",
      "ciudad": "Apatzingán",
      "estado": "Michoacán",
      "tipo": "normal",
      "region": "occidente",
      "cve_entidad": "16",
      "cve_municipio": "006"
    },
    {
      "lada": "454",
      "ciudad": "Agua Caliente (Ojo de Agua)",
      "estado": "Michoacán",
      "tipo": "normal",
      "region": "occidente",
      "cve_entidad": "16",
      "cve_municipio": "001"
    },
    {
      "lada": "455",
      "ciudad": "Álvaro Obregón",
      "estado": "Michoacán",
      "tipo": "normal",
      "region": "occidente",
      "cve_entidad": "16",
      "cve_municipio": "003"
    },
    {
      "lada": "456",
      "ciudad": "Salamanca",
      "estado": "Guanajuato",
      "tipo": "normal",
      "region": "centro",
      "cve_entidad": "11",
      "cve_municipio": "027"
    },
    {
      "lada": "457",
      "ciudad": "Huejúcar",
      "estado": "Jalisco",
      "tipo": "normal",
      "region": "occidente",
      "cve_entidad": "14",
      "cve_municipio": "041"
    },
    {
      "lada": "458",
      "ciudad": "Cosío",
      "estado": "Aguascalientes",
      "tipo": "normal",
      "region": "centro",
      "cve_entidad": "01",
      "cve_municipio": "004"
    },
    {
      "lada": "459",
      "ciudad": "Carácuaro",
      "estado": "Michoacán",
      "tipo": "normal",
      "region": "occidente",
      "cve_entidad": "16",
      "cve_municipio": "013"
    },
    {
      "lada": "461",
      "ciudad": "Celaya",
      "estado": "Guanajuato",
      "tipo": "normal",
      "region": "centro",
      "cve_entidad": "11",
      "cve_municipio": "007"
    },
    {
      "lada": "462",
      "ciudad": "Cortazar",
      "estado": "Guanajuato",
      "tipo": "normal",
      "region": "centro",
      "cve_entidad": "11",
      "cve_municipio": "011"
    },
    {
      "lada": "463",
      "ciudad": "El Chique",
      "estado": "Zacatecas",
      "tipo": "normal",
      "region": "centro",
      "cve_entidad": "32",
      "cve_municipio": "001"
    },
    {
      "lada": "464",
      "ciudad": "Acámbaro",
      "estado": "Guanajuato",
      "tipo": "normal",
      "region": "centro",
      "cve_entidad": "11",
      "cve_municipio": "002"
    },
    {
      "lada": "465",
      "ciudad": "Rincón de Romos",
      "estado": "Aguascalientes",
      "tipo": "normal",
      "region": "centro",
      "cve_entidad": "01",
      "cve_municipio": "007"
    },
    {
      "lada": "466",
      "ciudad": "Moroleón",
      "estado": "Guanajuato",
      "tipo": "normal",
      "region": "centro",
      "cve_entidad": "11",
      "cve_municipio": "021"
    },
    {
      "lada": "467",
      "ciudad": "Valle de Santiago",
      "estado": "Guanajuato",
      "tipo": "normal",
      "region": "centro",
      "cve_entidad": "11",
      "cve_municipio": "042"
    },
    {
      "lada": "468",
      "ciudad": "Yuriria",
      "estado": "Guanajuato",
      "tipo": "normal",
      "region": "centro",
      "cve_entidad": "11",
      "cve_municipio": "046"
    },
    {
      "lada": "469",
      "ciudad": "Pénjamo",
      "estado": "Guanajuato",
      "tipo": "normal",
      "region": "centro",
      "cve_entidad": "11",
      "cve_municipio": "023"
    },
    {
      "lada": "471",
      "ciudad": "Acuitzeramo",
      "estado": "Michoacán",
      "tipo": "normal",
      "region": "occidente",
      "cve_entidad": "16",
      "cve_municipio": "001"
    },
    {
      "lada": "472",
      "ciudad": "Silao",
      "estado": "Guanajuato",
      "tipo": "normal",
      "region": "centro",
      "cve_entidad": "11",
      "cve_municipio": "037"
    },
    {
      "lada": "473",
      "ciudad": "León",
      "estado": "Guanajuato",
      "tipo": "metropolitana",
      "region": "centro",
      "cve_entidad": "11",
      "cve_municipio": "020"
    },
    {
      "lada": "474",
      "ciudad": "Betulia",
      "estado": "Jalisco",
      "tipo": "normal",
      "region": "occidente",
      "cve_entidad": "14",
      "cve_municipio": "001"
    },
    {
      "lada": "475",
      "ciudad": "Bajío de San José",
      "estado": "Jalisco",
      "tipo": "normal",
      "region": "occidente",
      "cve_entidad": "14",
      "cve_municipio": "001"
    },
    {
      "lada": "476",
      "ciudad": "San Francisco del Rincón",
      "estado": "Guanajuato",
      "tipo": "normal",
      "region": "centro",
      "cve_entidad": "11",
      "cve_municipio": "031"
    },
    {
      "lada": "477",
      "ciudad": "Purísima del Rincón",
      "estado": "Guanajuato",
      "tipo": "normal",
      "region": "centro",
      "cve_entidad": "11",
      "cve_municipio": "025"
    },
    {
      "lada": "478",
      "ciudad": "Guanajuato",
      "estado": "Guanajuato",
      "tipo": "normal",
      "region": "centro",
      "cve_entidad": "11",
      "cve_municipio": "015"
    },
    {
      "lada": "481",
      "ciudad": "Río Verde",
      "estado": "San Luis Potosí",
      "tipo": "normal",
      "region": "centro",
      "cve_entidad": "24",
      "cve_municipio": "024"
    },
    {
      "lada": "482",
      "ciudad": "Ciudad Valles",
      "estado": "San Luis Potosí",
      "tipo": "normal",
      "region": "centro",
      "cve_entidad": "24",
      "cve_municipio": "013"
    },
    {
      "lada": "483",
      "ciudad": "Chapulhuacán",
      "estado": "Hidalgo",
      "tipo": "normal",
      "region": "centro",
      "cve_entidad": "13",
      "cve_municipio": "018"
    },
    {
      "lada": "485",
      "ciudad": "Matehuala",
      "estado": "San Luis Potosí",
      "tipo": "normal",
      "region": "centro",
      "cve_entidad": "24",
      "cve_municipio": "020"
    },
    {
      "lada": "486",
      "ciudad": "Tamazunchale",
      "estado": "San Luis Potosí",
      "tipo": "normal",
      "region": "centro",
      "cve_entidad": "24",
      "cve_municipio": "037"
    },
    {
      "lada": "487",
      "ciudad": "Rioverde",
      "estado": "San Luis Potosí",
      "tipo": "normal",
      "region": "centro",
      "cve_entidad": "24",
      "cve_municipio": "024"
    },
    {
      "lada": "488",
      "ciudad": "Cedral",
      "estado": "San Luis Potosí",
      "tipo": "normal",
      "region": "centro",
      "cve_entidad": "24",
      "cve_municipio": "007"
    },
    {
      "lada": "489",
      "ciudad": "Cerritos",
      "estado": "San Luis Potosí",
      "tipo": "normal",
      "region": "centro",
      "cve_entidad": "24",
      "cve_municipio": "008"
    },
    {
      "lada": "492",
      "ciudad": "Zacatecas",
      "estado": "Zacatecas",
      "tipo": "normal",
      "region": "centro",
      "cve_entidad": "32",
      "cve_municipio": "056"
    },
    {
      "lada": "493",
      "ciudad": "Fresnillo",
      "estado": "Zacatecas",
      "tipo": "normal",
      "region": "centro",
      "cve_entidad": "32",
      "cve_municipio": "010"
    },
    {
      "lada": "494",
      "ciudad": "Sombrerete",
      "estado": "Zacatecas",
      "tipo": "normal",
      "region": "centro",
      "cve_entidad": "32",
      "cve_municipio": "042"
    },
    {
      "lada": "495",
      "ciudad": "Jalpa",
      "estado": "Zacatecas",
      "tipo": "normal",
      "region": "centro",
      "cve_entidad": "32",
      "cve_municipio": "019"
    },
    {
      "lada": "496",
      "ciudad": "Río Grande",
      "estado": "Zacatecas",
      "tipo": "normal",
      "region": "centro",
      "cve_entidad": "32",
      "cve_municipio": "039"
    },
    {
      "lada": "498",
      "ciudad": "Villanueva",
      "estado": "Zacatecas",
      "tipo": "normal",
      "region": "centro",
      "cve_entidad": "32",
      "cve_municipio": "055"
    },
    {
      "lada": "499",
      "ciudad": "Nochistlán",
      "estado": "Zacatecas",
      "tipo": "normal",
      "region": "centro",
      "cve_entidad": "32",
      "cve_municipio": "033"
    },
    {
      "lada": "588",
      "ciudad": "Chapa de Mota",
      "estado": "Estado de México",
      "tipo": "normal",
      "region": "centro",
      "cve_entidad": "15",
      "cve_municipio": "026"
    },
    {
      "lada": "591",
      "ciudad": "Valle de Bravo",
      "estado": "Estado de México",
      "tipo": "turistica",
      "region": "centro",
      "cve_entidad": "15",
      "cve_municipio": "110"
    },
    {
      "lada": "592",
      "ciudad": "Nopaltepec",
      "estado": "Estado de México",
      "tipo": "normal",
      "region": "centro",
      "cve_entidad": "15",
      "cve_municipio": "061"
    },
    {
      "lada": "593",
      "ciudad": "Barrio La Cañada",
      "estado": "Estado de México",
      "tipo": "normal",
      "region": "centro",
      "cve_entidad": "15",
      "cve_municipio": "001"
    },
    {
      "lada": "594",
      "ciudad": "Ixtlahuaca",
      "estado": "Estado de México",
      "tipo": "normal",
      "region": "centro",
      "cve_entidad": "15",
      "cve_municipio": "042"
    },
    {
      "lada": "595",
      "ciudad": "Toluca",
      "estado": "Estado de México",
      "tipo": "metropolitana",
      "region": "centro",
      "cve_entidad": "15",
      "cve_municipio": "106"
    },
    {
      "lada": "596",
      "ciudad": "Lerma",
      "estado": "Estado de México",
      "tipo": "normal",
      "region": "centro",
      "cve_entidad": "15",
      "cve_municipio": "051"
    },
    {
      "lada": "597",
      "ciudad": "Tenancingo",
      "estado": "Estado de México",
      "tipo": "normal",
      "region": "centro",
      "cve_entidad": "15",
      "cve_municipio": "088"
    },
    {
      "lada": "599",
      "ciudad": "Apaxco",
      "estado": "Estado de México",
      "tipo": "normal",
      "region": "centro",
      "cve_entidad": "15",
      "cve_municipio": "010"
    },
    {
      "lada": "612",
      "ciudad": "La Paz",
      "estado": "Baja California Sur",
      "tipo": "normal",
      "region": "noroeste",
      "cve_entidad": "03",
      "cve_municipio": "003"
    },
    {
      "lada": "613",
      "ciudad": "San José del Cabo",
      "estado": "Baja California Sur",
      "tipo": "turistica",
      "region": "noroeste",
      "cve_entidad": "03",
      "cve_municipio": "008"
    },
    {
      "lada": "614",
      "ciudad": "Chihuahua",
      "estado": "Chihuahua",
      "tipo": "normal",
      "region": "norte",
      "cve_entidad": "08",
      "cve_municipio": "019"
    },
    {
      "lada": "615",
      "ciudad": "Loreto",
      "estado": "Baja California Sur",
      "tipo": "turistica",
      "region": "noroeste",
      "cve_entidad": "03",
      "cve_municipio": "009"
    },
    {
      "lada": "616",
      "ciudad": "Camalú",
      "estado": "Baja California",
      "tipo": "normal",
      "region": "noroeste",
      "cve_entidad": "02",
      "cve_municipio": "001"
    },
    {
      "lada": "618",
      "ciudad": "Durango",
      "estado": "Durango",
      "tipo": "normal",
      "region": "norte",
      "cve_entidad": "10",
      "cve_municipio": "005"
    },
    {
      "lada": "621",
      "ciudad": "Constitución",
      "estado": "Baja California Sur",
      "tipo": "normal",
      "region": "noroeste",
      "cve_entidad": "03",
      "cve_municipio": "001"
    },
    {
      "lada": "622",
      "ciudad": "Empalme",
      "estado": "Sonora",
      "tipo": "normal",
      "region": "noroeste",
      "cve_entidad": "26",
      "cve_municipio": "025"
    },
    {
      "lada": "623",
      "ciudad": "Los Mochis",
      "estado": "Sinaloa",
      "tipo": "normal",
      "region": "noroeste",
      "cve_entidad": "25",
      "cve_municipio": "001"
    },
    {
      "lada": "624",
      "ciudad": "Cabo San Lucas",
      "estado": "Baja California Sur",
      "tipo": "turistica",
      "region": "noroeste",
      "cve_entidad": "03",
      "cve_municipio": "003"
    },
    {
      "lada": "625",
      "ciudad": "Guamúchil",
      "estado": "Sinaloa",
      "tipo": "normal",
      "region": "noroeste",
      "cve_entidad": "25",
      "cve_municipio": "015"
    },
    {
      "lada": "626",
      "ciudad": "Coyame",
      "estado": "Chihuahua",
      "tipo": "normal",
      "region": "norte",
      "cve_entidad": "08",
      "cve_municipio": "001"
    },
    {
      "lada": "627",
      "ciudad": "Guasave",
      "estado": "Sinaloa",
      "tipo": "normal",
      "region": "noroeste",
      "cve_entidad": "25",
      "cve_municipio": "011"
    },
    {
      "lada": "628",
      "ciudad": "Mariano Matamoros",
      "estado": "Chihuahua",
      "tipo": "fronteriza",
      "region": "norte",
      "cve_entidad": "08",
      "cve_municipio": "044"
    },
    {
      "lada": "629",
      "ciudad": "El Rosario",
      "estado": "Sinaloa",
      "tipo": "normal",
      "region": "noroeste",
      "cve_entidad": "25",
      "cve_municipio": "014"
    },
    {
      "lada": "631",
      "ciudad": "Nogales",
      "estado": "Sonora",
      "tipo": "fronteriza",
      "region": "noroeste",
      "cve_entidad": "26",
      "cve_municipio": "043"
    },
    {
      "lada": "632",
      "ciudad": "Ímuris",
      "estado": "Sonora",
      "tipo": "normal",
      "region": "noroeste",
      "cve_entidad": "26",
      "cve_municipio": "035"
    },
    {
      "lada": "633",
      "ciudad": "Agua Prieta",
      "estado": "Sonora",
      "tipo": "fronteriza",
      "region": "noroeste",
      "cve_entidad": "26",
      "cve_municipio": "002"
    },
    {
      "lada": "634",
      "ciudad": "Agua Prieta",
      "estado": "Sonora",
      "tipo": "fronteriza",
      "region": "noroeste",
      "cve_entidad": "26",
      "cve_municipio": "002"
    },
    {
      "lada": "635",
      "ciudad": "Areponapuchi",
      "estado": "Chihuahua",
      "tipo": "normal",
      "region": "norte",
      "cve_entidad": "08",
      "cve_municipio": "001"
    },
    {
      "lada": "636",
      "ciudad": "Benito Juárez",
      "estado": "Chihuahua",
      "tipo": "metropolitana",
      "region": "norte",
      "cve_entidad": "08",
      "cve_municipio": "037"
    },
    {
      "lada": "637",
      "ciudad": "Altar",
      "estado": "Sonora",
      "tipo": "normal",
      "region": "noroeste",
      "cve_entidad": "26",
      "cve_municipio": "004"
    },
    {
      "lada": "638",
      "ciudad": "Guaymas",
      "estado": "Sonora",
      "tipo": "normal",
      "region": "noroeste",
      "cve_entidad": "26",
      "cve_municipio": "029"
    },
    {
      "lada": "639",
      "ciudad": "Ciudad Delicias",
      "estado": "Chihuahua",
      "tipo": "normal",
      "region": "norte",
      "cve_entidad": "08",
      "cve_municipio": "021"
    },
    {
      "lada": "641",
      "ciudad": "Navojoa",
      "estado": "Sonora",
      "tipo": "normal",
      "region": "noroeste",
      "cve_entidad": "26",
      "cve_municipio": "042"
    },
    {
      "lada": "642",
      "ciudad": "Bacabachi",
      "estado": "Sonora",
      "tipo": "normal",
      "region": "noroeste",
      "cve_entidad": "26",
      "cve_municipio": "011"
    },
    {
      "lada": "643",
      "ciudad": "Agua Blanca",
      "estado": "Sonora",
      "tipo": "normal",
      "region": "noroeste",
      "cve_entidad": "26",
      "cve_municipio": "001"
    },
    {
      "lada": "644",
      "ciudad": "Ciudad Obregón",
      "estado": "Sonora",
      "tipo": "normal",
      "region": "noroeste",
      "cve_entidad": "26",
      "cve_municipio": "018"
    },
    {
      "lada": "645",
      "ciudad": "Bacoachi",
      "estado": "Sonora",
      "tipo": "normal",
      "region": "noroeste",
      "cve_entidad": "26",
      "cve_municipio": "011"
    },
    {
      "lada": "646",
      "ciudad": "Ensenada",
      "estado": "Baja California",
      "tipo": "normal",
      "region": "noroeste",
      "cve_entidad": "02",
      "cve_municipio": "001"
    },
    {
      "lada": "647",
      "ciudad": "Álamos",
      "estado": "Sonora",
      "tipo": "normal",
      "region": "noroeste",
      "cve_entidad": "26",
      "cve_municipio": "003"
    },
    {
      "lada": "648",
      "ciudad": "Ciudad Camargo",
      "estado": "Chihuahua",
      "tipo": "normal",
      "region": "norte",
      "cve_entidad": "08",
      "cve_municipio": "011"
    },
    {
      "lada": "649",
      "ciudad": "Baborigame",
      "estado": "Chihuahua",
      "tipo": "normal",
      "region": "norte",
      "cve_entidad": "08",
      "cve_municipio": "001"
    },
    {
      "lada": "651",
      "ciudad": "Sonoita",
      "estado": "Sonora",
      "tipo": "normal",
      "region": "noroeste",
      "cve_entidad": "26",
      "cve_municipio": "061"
    },
    {
      "lada": "652",
      "ciudad": "Ciudad Madera",
      "estado": "Chihuahua",
      "tipo": "normal",
      "region": "norte",
      "cve_entidad": "08",
      "cve_municipio": "040"
    },
    {
      "lada": "653",
      "ciudad": "Estación Coahuila",
      "estado": "Baja California",
      "tipo": "normal",
      "region": "noroeste",
      "cve_entidad": "02",
      "cve_municipio": "001"
    },
    {
      "lada": "656",
      "ciudad": "Ciudad Juárez",
      "estado": "Chihuahua",
      "tipo": "fronteriza",
      "region": "norte",
      "cve_entidad": "08",
      "cve_municipio": "031"
    },
    {
      "lada": "658",
      "ciudad": "Benito Juárez (Tecolotes)",
      "estado": "Baja California",
      "tipo": "metropolitana",
      "region": "noroeste",
      "cve_entidad": "02",
      "cve_municipio": "001"
    },
    {
      "lada": "659",
      "ciudad": "Abraham González",
      "estado": "Chihuahua",
      "tipo": "normal",
      "region": "norte",
      "cve_entidad": "08",
      "cve_municipio": "001"
    },
    {
      "lada": "661",
      "ciudad": "Rosarito",
      "estado": "Baja California",
      "tipo": "normal",
      "region": "noroeste",
      "cve_entidad": "02",
      "cve_municipio": "001"
    },
    {
      "lada": "662",
      "ciudad": "Hermosillo",
      "estado": "Sonora",
      "tipo": "normal",
      "region": "noroeste",
      "cve_entidad": "26",
      "cve_municipio": "030"
    },
    {
      "lada": "664",
      "ciudad": "Tijuana",
      "estado": "Baja California",
      "tipo": "fronteriza",
      "region": "noroeste",
      "cve_entidad": "02",
      "cve_municipio": "004"
    },
    {
      "lada": "665",
      "ciudad": "Tecate",
      "estado": "Baja California",
      "tipo": "fronteriza",
      "region": "noroeste",
      "cve_entidad": "02",
      "cve_municipio": "003"
    },
    {
      "lada": "667",
      "ciudad": "Culiacán",
      "estado": "Sinaloa",
      "tipo": "normal",
      "region": "noroeste",
      "cve_entidad": "25",
      "cve_municipio": "006"
    },
    {
      "lada": "668",
      "ciudad": "Ahome",
      "estado": "Sinaloa",
      "tipo": "normal",
      "region": "noroeste",
      "cve_entidad": "25",
      "cve_municipio": "001"
    },
    {
      "lada": "669",
      "ciudad": "Mazatlán",
      "estado": "Sinaloa",
      "tipo": "normal",
      "region": "noroeste",
      "cve_entidad": "25",
      "cve_municipio": "012"
    },
    {
      "lada": "671",
      "ciudad": "Tepic",
      "estado": "Nayarit",
      "tipo": "normal",
      "region": "occidente",
      "cve_entidad": "18",
      "cve_municipio": "017"
    },
    {
      "lada": "672",
      "ciudad": "Altata",
      "estado": "Sinaloa",
      "tipo": "normal",
      "region": "noroeste",
      "cve_entidad": "25",
      "cve_municipio": "001"
    },
    {
      "lada": "673",
      "ciudad": "Benito Juárez",
      "estado": "Sinaloa",
      "tipo": "metropolitana",
      "region": "noroeste",
      "cve_entidad": "25",
      "cve_municipio": "001"
    },
    {
      "lada": "674",
      "ciudad": "Canelas",
      "estado": "Durango",
      "tipo": "normal",
      "region": "norte",
      "cve_entidad": "10",
      "cve_municipio": "002"
    },
    {
      "lada": "675",
      "ciudad": "Cieneguilla",
      "estado": "Durango",
      "tipo": "normal",
      "region": "norte",
      "cve_entidad": "10",
      "cve_municipio": "001"
    },
    {
      "lada": "676",
      "ciudad": "Antonio Amaro",
      "estado": "Durango",
      "tipo": "normal",
      "region": "norte",
      "cve_entidad": "10",
      "cve_municipio": "001"
    },
    {
      "lada": "677",
      "ciudad": "Abasolo",
      "estado": "Durango",
      "tipo": "normal",
      "region": "norte",
      "cve_entidad": "10",
      "cve_municipio": "001"
    },
    {
      "lada": "686",
      "ciudad": "Mexicali",
      "estado": "Baja California",
      "tipo": "fronteriza",
      "region": "noroeste",
      "cve_entidad": "02",
      "cve_municipio": "002"
    },
    {
      "lada": "687",
      "ciudad": "San Luis Río Colorado",
      "estado": "Sonora",
      "tipo": "fronteriza",
      "region": "noroeste",
      "cve_entidad": "26",
      "cve_municipio": "055"
    },
    {
      "lada": "694",
      "ciudad": "Agua Caliente de Garate",
      "estado": "Sinaloa",
      "tipo": "normal",
      "region": "noroeste",
      "cve_entidad": "25",
      "cve_municipio": "001"
    },
    {
      "lada": "695",
      "ciudad": "Cristo Rey",
      "estado": "Sinaloa",
      "tipo": "normal",
      "region": "noroeste",
      "cve_entidad": "25",
      "cve_municipio": "001"
    },
    {
      "lada": "696",
      "ciudad": "Cosala",
      "estado": "Sinaloa",
      "tipo": "normal",
      "region": "noroeste",
      "cve_entidad": "25",
      "cve_municipio": "005"
    },
    {
      "lada": "697",
      "ciudad": "Angostura",
      "estado": "Sinaloa",
      "tipo": "normal",
      "region": "noroeste",
      "cve_entidad": "25",
      "cve_municipio": "002"
    },
    {
      "lada": "698",
      "ciudad": "Adolfo López Mateos (El Jahuara )",
      "estado": "Sinaloa",
      "tipo": "normal",
      "region": "noroeste",
      "cve_entidad": "25",
      "cve_municipio": "001"
    },
    {
      "lada": "711",
      "ciudad": "El Oro",
      "estado": "Estado de México",
      "tipo": "normal",
      "region": "centro",
      "cve_entidad": "15",
      "cve_municipio": "064"
    },
    {
      "lada": "712",
      "ciudad": "San Lorenzo Toxico",
      "estado": "Estado de México",
      "tipo": "normal",
      "region": "centro",
      "cve_entidad": "15",
      "cve_municipio": "001"
    },
    {
      "lada": "713",
      "ciudad": "San Nicolás Tlazala",
      "estado": "Estado de México",
      "tipo": "normal",
      "region": "centro",
      "cve_entidad": "15",
      "cve_municipio": "001"
    },
    {
      "lada": "714",
      "ciudad": "Metepec",
      "estado": "Estado de México",
      "tipo": "normal",
      "region": "centro",
      "cve_entidad": "15",
      "cve_municipio": "054"
    },
    {
      "lada": "715",
      "ciudad": "Ixtapan de la Sal",
      "estado": "Estado de México",
      "tipo": "turistica",
      "region": "centro",
      "cve_entidad": "15",
      "cve_municipio": "040"
    },
    {
      "lada": "716",
      "ciudad": "Santiago Tianguistenco",
      "estado": "Estado de México",
      "tipo": "normal",
      "region": "centro",
      "cve_entidad": "15",
      "cve_municipio": "101"
    },
    {
      "lada": "717",
      "ciudad": "Villa del Carbón",
      "estado": "Estado de México",
      "tipo": "normal",
      "region": "centro",
      "cve_entidad": "15",
      "cve_municipio": "112"
    },
    {
      "lada": "718",
      "ciudad": "Zumpango",
      "estado": "Estado de México",
      "tipo": "normal",
      "region": "centro",
      "cve_entidad": "15",
      "cve_municipio": "120"
    },
    {
      "lada": "719",
      "ciudad": "Texcoco",
      "estado": "Estado de México",
      "tipo": "normal",
      "region": "centro",
      "cve_entidad": "15",
      "cve_municipio": "099"
    },
    {
      "lada": "721",
      "ciudad": "Atlacomulco",
      "estado": "Estado de México",
      "tipo": "normal",
      "region": "centro",
      "cve_entidad": "15",
      "cve_municipio": "014"
    },
    {
      "lada": "722",
      "ciudad": "Calimaya de Díaz González",
      "estado": "Estado de México",
      "tipo": "normal",
      "region": "centro",
      "cve_entidad": "15",
      "cve_municipio": "001"
    },
    {
      "lada": "723",
      "ciudad": "El Oro",
      "estado": "Estado de México",
      "tipo": "normal",
      "region": "centro",
      "cve_entidad": "15",
      "cve_municipio": "064"
    },
    {
      "lada": "724",
      "ciudad": "Almoloya de las Granadas",
      "estado": "Estado de México",
      "tipo": "normal",
      "region": "centro",
      "cve_entidad": "15",
      "cve_municipio": "004"
    },
    {
      "lada": "725",
      "ciudad": "Jilotepec",
      "estado": "Estado de México",
      "tipo": "normal",
      "region": "centro",
      "cve_entidad": "15",
      "cve_municipio": "045"
    },
    {
      "lada": "726",
      "ciudad": "Tepotzotlán",
      "estado": "Estado de México",
      "tipo": "normal",
      "region": "centro",
      "cve_entidad": "15",
      "cve_municipio": "095"
    },
    {
      "lada": "727",
      "ciudad": "Atenango del Río",
      "estado": "Guerrero",
      "tipo": "normal",
      "region": "sur",
      "cve_entidad": "12",
      "cve_municipio": "008"
    },
    {
      "lada": "728",
      "ciudad": "Amecameca",
      "estado": "Estado de México",
      "tipo": "normal",
      "region": "centro",
      "cve_entidad": "15",
      "cve_municipio": "009"
    },
    {
      "lada": "731",
      "ciudad": "Amayuca",
      "estado": "Morelos",
      "tipo": "normal",
      "region": "centro",
      "cve_entidad": "17",
      "cve_municipio": "001"
    },
    {
      "lada": "732",
      "ciudad": "Acuchillán del Progreso",
      "estado": "Guerrero",
      "tipo": "normal",
      "region": "sur",
      "cve_entidad": "12",
      "cve_municipio": "003"
    },
    {
      "lada": "733",
      "ciudad": "Ahuehuepan",
      "estado": "Guerrero",
      "tipo": "normal",
      "region": "sur",
      "cve_entidad": "12",
      "cve_municipio": "001"
    },
    {
      "lada": "734",
      "ciudad": "Cuautla",
      "estado": "Morelos",
      "tipo": "normal",
      "region": "centro",
      "cve_entidad": "17",
      "cve_municipio": "006"
    },
    {
      "lada": "735",
      "ciudad": "Taxco",
      "estado": "Guerrero",
      "tipo": "turistica",
      "region": "sur",
      "cve_entidad": "12",
      "cve_municipio": "051"
    },
    {
      "lada": "736",
      "ciudad": "Acapetlahuaya",
      "estado": "Guerrero",
      "tipo": "normal",
      "region": "sur",
      "cve_entidad": "12",
      "cve_municipio": "067"
    },
    {
      "lada": "737",
      "ciudad": "Cuernavaca",
      "estado": "Morelos",
      "tipo": "metropolitana",
      "region": "centro",
      "cve_entidad": "17",
      "cve_municipio": "007"
    },
    {
      "lada": "738",
      "ciudad": "Jojutla",
      "estado": "Morelos",
      "tipo": "normal",
      "region": "centro",
      "cve_entidad": "17",
      "cve_municipio": "012"
    },
    {
      "lada": "739",
      "ciudad": "Yautepec",
      "estado": "Morelos",
      "tipo": "normal",
      "region": "centro",
      "cve_entidad": "17",
      "cve_municipio": "029"
    },
    {
      "lada": "741",
      "ciudad": "Ixtapan de la Sal",
      "estado": "México",
      "tipo": "turistica",
      "region": "centro",
      "cve_entidad": "15",
      "cve_municipio": "040"
    },
    {
      "lada": "742",
      "ciudad": "Atoyac de Álvarez",
      "estado": "Guerrero",
      "tipo": "normal",
      "region": "sur",
      "cve_entidad": "12",
      "cve_municipio": "011"
    },
    {
      "lada": "743",
      "ciudad": "Acapulco",
      "estado": "Guerrero",
      "tipo": "turistica",
      "region": "sur",
      "cve_entidad": "12",
      "cve_municipio": "047"
    },
    {
      "lada": "744",
      "ciudad": "Acapulco Diamante",
      "estado": "Guerrero",
      "tipo": "turistica",
      "region": "sur",
      "cve_entidad": "12",
      "cve_municipio": "001"
    },
    {
      "lada": "745",
      "ciudad": "Ayutla de los Libres",
      "estado": "Guerrero",
      "tipo": "normal",
      "region": "sur",
      "cve_entidad": "12",
      "cve_municipio": "012"
    },
    {
      "lada": "746",
      "ciudad": "Tlaxcala",
      "estado": "Tlaxcala",
      "tipo": "normal",
      "region": "centro",
      "cve_entidad": "29",
      "cve_municipio": "033"
    },
    {
      "lada": "747",
      "ciudad": "Zihuatanejo",
      "estado": "Guerrero",
      "tipo": "turistica",
      "region": "sur",
      "cve_entidad": "12",
      "cve_municipio": "038"
    },
    {
      "lada": "748",
      "ciudad": "Almoloya",
      "estado": "Hidalgo",
      "tipo": "normal",
      "region": "centro",
      "cve_entidad": "13",
      "cve_municipio": "007"
    },
    {
      "lada": "749",
      "ciudad": "Calpulalpan",
      "estado": "Tlaxcala",
      "tipo": "normal",
      "region": "centro",
      "cve_entidad": "29",
      "cve_municipio": "006"
    },
    {
      "lada": "751",
      "ciudad": "Ayutla",
      "estado": "Guerrero",
      "tipo": "normal",
      "region": "sur",
      "cve_entidad": "12",
      "cve_municipio": "009"
    },
    {
      "lada": "753",
      "ciudad": "Tlapa",
      "estado": "Guerrero",
      "tipo": "normal",
      "region": "sur",
      "cve_entidad": "12",
      "cve_municipio": "063"
    },
    {
      "lada": "754",
      "ciudad": "Ometepec",
      "estado": "Guerrero",
      "tipo": "normal",
      "region": "sur",
      "cve_entidad": "12",
      "cve_municipio": "046"
    },
    {
      "lada": "755",
      "ciudad": "Atoyac",
      "estado": "Guerrero",
      "tipo": "normal",
      "region": "sur",
      "cve_entidad": "12",
      "cve_municipio": "020"
    },
    {
      "lada": "756",
      "ciudad": "Tecpan",
      "estado": "Guerrero",
      "tipo": "normal",
      "region": "sur",
      "cve_entidad": "12",
      "cve_municipio": "055"
    },
    {
      "lada": "757",
      "ciudad": "Petatlán",
      "estado": "Guerrero",
      "tipo": "normal",
      "region": "sur",
      "cve_entidad": "12",
      "cve_municipio": "048"
    },
    {
      "lada": "758",
      "ciudad": "Coyuca de Benítez",
      "estado": "Guerrero",
      "tipo": "normal",
      "region": "sur",
      "cve_entidad": "12",
      "cve_municipio": "021"
    },
    {
      "lada": "759",
      "ciudad": "Caltimacán",
      "estado": "Hidalgo",
      "tipo": "normal",
      "region": "centro",
      "cve_entidad": "13",
      "cve_municipio": "032"
    },
    {
      "lada": "761",
      "ciudad": "Calpulalpan",
      "estado": "Estado de México",
      "tipo": "normal",
      "region": "centro",
      "cve_entidad": "15",
      "cve_municipio": "117"
    },
    {
      "lada": "762",
      "ciudad": "Tepalcingo",
      "estado": "Morelos",
      "tipo": "normal",
      "region": "centro",
      "cve_entidad": "17",
      "cve_municipio": "019"
    },
    {
      "lada": "763",
      "ciudad": "Chapantongo",
      "estado": "Hidalgo",
      "tipo": "normal",
      "region": "centro",
      "cve_entidad": "13",
      "cve_municipio": "017"
    },
    {
      "lada": "764",
      "ciudad": "Tlayacapan",
      "estado": "Morelos",
      "tipo": "normal",
      "region": "centro",
      "cve_entidad": "17",
      "cve_municipio": "026"
    },
    {
      "lada": "765",
      "ciudad": "Alamo Temapache",
      "estado": "Veracruz",
      "tipo": "normal",
      "region": "golfo",
      "cve_entidad": "30",
      "cve_municipio": "160"
    },
    {
      "lada": "766",
      "ciudad": "Gutiérrez Zamora",
      "estado": "Veracruz",
      "tipo": "normal",
      "region": "golfo",
      "cve_entidad": "30",
      "cve_municipio": "069"
    },
    {
      "lada": "767",
      "ciudad": "Puente de Ixtla",
      "estado": "Morelos",
      "tipo": "normal",
      "region": "centro",
      "cve_entidad": "17",
      "cve_municipio": "017"
    },
    {
      "lada": "768",
      "ciudad": "Amatlán",
      "estado": "Veracruz",
      "tipo": "normal",
      "region": "golfo",
      "cve_entidad": "30",
      "cve_municipio": "012"
    },
    {
      "lada": "769",
      "ciudad": "Tepoztlán",
      "estado": "Morelos",
      "tipo": "turistica",
      "region": "centro",
      "cve_entidad": "17",
      "cve_municipio": "020"
    },
    {
      "lada": "771",
      "ciudad": "Pachuca",
      "estado": "Hidalgo",
      "tipo": "normal",
      "region": "centro",
      "cve_entidad": "13",
      "cve_municipio": "047"
    },
    {
      "lada": "772",
      "ciudad": "Tulancingo",
      "estado": "Hidalgo",
      "tipo": "normal",
      "region": "centro",
      "cve_entidad": "13",
      "cve_municipio": "077"
    },
    {
      "lada": "773",
      "ciudad": "Actopan",
      "estado": "Hidalgo",
      "tipo": "normal",
      "region": "centro",
      "cve_entidad": "13",
      "cve_municipio": "003"
    },
    {
      "lada": "774",
      "ciudad": "Tula",
      "estado": "Hidalgo",
      "tipo": "normal",
      "region": "centro",
      "cve_entidad": "13",
      "cve_municipio": "076"
    },
    {
      "lada": "775",
      "ciudad": "Ixmiquilpan",
      "estado": "Hidalgo",
      "tipo": "normal",
      "region": "centro",
      "cve_entidad": "13",
      "cve_municipio": "030"
    },
    {
      "lada": "776",
      "ciudad": "Zimapán",
      "estado": "Hidalgo",
      "tipo": "normal",
      "region": "centro",
      "cve_entidad": "13",
      "cve_municipio": "084"
    },
    {
      "lada": "777",
      "ciudad": "Jiutepec",
      "estado": "Morelos",
      "tipo": "normal",
      "region": "centro",
      "cve_entidad": "17",
      "cve_municipio": "011"
    },
    {
      "lada": "778",
      "ciudad": "Huejutla",
      "estado": "Hidalgo",
      "tipo": "normal",
      "region": "centro",
      "cve_entidad": "13",
      "cve_municipio": "027"
    },
    {
      "lada": "779",
      "ciudad": "Apan",
      "estado": "Hidalgo",
      "tipo": "normal",
      "region": "centro",
      "cve_entidad": "13",
      "cve_municipio": "008"
    },
    {
      "lada": "781",
      "ciudad": "Bajos del Ejido",
      "estado": "Guerrero",
      "tipo": "normal",
      "region": "sur",
      "cve_entidad": "12",
      "cve_municipio": "001"
    },
    {
      "lada": "782",
      "ciudad": "Coatzintla",
      "estado": "Veracruz",
      "tipo": "normal",
      "region": "golfo",
      "cve_entidad": "30",
      "cve_municipio": "040"
    },
    {
      "lada": "783",
      "ciudad": "Praxedis Guerrero (Kilometro Di)",
      "estado": "Veracruz",
      "tipo": "normal",
      "region": "golfo",
      "cve_entidad": "30",
      "cve_municipio": "001"
    },
    {
      "lada": "784",
      "ciudad": "Adolfo Ruiz Cortines",
      "estado": "Veracruz",
      "tipo": "normal",
      "region": "golfo",
      "cve_entidad": "30",
      "cve_municipio": "001"
    },
    {
      "lada": "785",
      "ciudad": "Cerro Azul",
      "estado": "Veracruz",
      "tipo": "normal",
      "region": "golfo",
      "cve_entidad": "30",
      "cve_municipio": "034"
    },
    {
      "lada": "786",
      "ciudad": "Agostitlán",
      "estado": "Michoacán",
      "tipo": "normal",
      "region": "occidente",
      "cve_entidad": "16",
      "cve_municipio": "001"
    },
    {
      "lada": "789",
      "ciudad": "Tuxpan",
      "estado": "Veracruz",
      "tipo": "normal",
      "region": "golfo",
      "cve_entidad": "30",
      "cve_municipio": "189"
    },
    {
      "lada": "791",
      "ciudad": "Tula de Allende",
      "estado": "Hidalgo",
      "tipo": "normal",
      "region": "centro",
      "cve_entidad": "13",
      "cve_municipio": "076"
    },
    {
      "lada": "797",
      "ciudad": "Aquixtla",
      "estado": "Puebla",
      "tipo": "normal",
      "region": "centro",
      "cve_entidad": "21",
      "cve_municipio": "016"
    },
    {
      "lada": "821",
      "ciudad": "Linares",
      "estado": "Nuevo León",
      "tipo": "normal",
      "region": "noreste",
      "cve_entidad": "19",
      "cve_municipio": "033"
    },
    {
      "lada": "823",
      "ciudad": "Montemorelos",
      "estado": "Nuevo León",
      "tipo": "normal",
      "region": "noreste",
      "cve_entidad": "19",
      "cve_municipio": "038"
    },
    {
      "lada": "824",
      "ciudad": "Doctor Arroyo",
      "estado": "Nuevo León",
      "tipo": "normal",
      "region": "noreste",
      "cve_entidad": "19",
      "cve_municipio": "014"
    },
    {
      "lada": "825",
      "ciudad": "Ciénaga de Flores",
      "estado": "Nuevo León",
      "tipo": "normal",
      "region": "noreste",
      "cve_entidad": "19",
      "cve_municipio": "012"
    },
    {
      "lada": "826",
      "ciudad": "Sabinas Hidalgo",
      "estado": "Nuevo León",
      "tipo": "normal",
      "region": "noreste",
      "cve_entidad": "19",
      "cve_municipio": "044"
    },
    {
      "lada": "828",
      "ciudad": "Cd. Anáhuac",
      "estado": "Nuevo León",
      "tipo": "normal",
      "region": "noreste",
      "cve_entidad": "19",
      "cve_municipio": "005"
    },
    {
      "lada": "829",
      "ciudad": "Bustamante",
      "estado": "Nuevo León",
      "tipo": "normal",
      "region": "noreste",
      "cve_entidad": "19",
      "cve_municipio": "008"
    },
    {
      "lada": "831",
      "ciudad": "Antiguo Morelos",
      "estado": "Tamaulipas",
      "tipo": "normal",
      "region": "noreste",
      "cve_entidad": "28",
      "cve_municipio": "004"
    },
    {
      "lada": "832",
      "ciudad": "Adolfo López Mateos (Chamal Nuevo)",
      "estado": "Tamaulipas",
      "tipo": "normal",
      "region": "noreste",
      "cve_entidad": "28",
      "cve_municipio": "001"
    },
    {
      "lada": "833",
      "ciudad": "Tampico",
      "estado": "Tamaulipas",
      "tipo": "normal",
      "region": "noreste",
      "cve_entidad": "28",
      "cve_municipio": "038"
    },
    {
      "lada": "834",
      "ciudad": "Ciudad Victoria",
      "estado": "Tamaulipas",
      "tipo": "normal",
      "region": "noreste",
      "cve_entidad": "28",
      "cve_municipio": "041"
    },
    {
      "lada": "835",
      "ciudad": "Ciudad Mante",
      "estado": "Tamaulipas",
      "tipo": "normal",
      "region": "noreste",
      "cve_entidad": "28",
      "cve_municipio": "021"
    },
    {
      "lada": "836",
      "ciudad": "Estación Colonias",
      "estado": "Tamaulipas",
      "tipo": "normal",
      "region": "noreste",
      "cve_entidad": "28",
      "cve_municipio": "001"
    },
    {
      "lada": "841",
      "ciudad": "Monclova",
      "estado": "Coahuila",
      "tipo": "normal",
      "region": "noreste",
      "cve_entidad": "05",
      "cve_municipio": "018"
    },
    {
      "lada": "842",
      "ciudad": "Ciudad Acuña",
      "estado": "Coahuila",
      "tipo": "fronteriza",
      "region": "noreste",
      "cve_entidad": "05",
      "cve_municipio": "002"
    },
    {
      "lada": "844",
      "ciudad": "Saltillo",
      "estado": "Coahuila",
      "tipo": "normal",
      "region": "noreste",
      "cve_entidad": "05",
      "cve_municipio": "030"
    },
    {
      "lada": "845",
      "ciudad": "Aurelio Manrique",
      "estado": "San Luis Potosí",
      "tipo": "normal",
      "region": "centro",
      "cve_entidad": "24",
      "cve_municipio": "001"
    },
    {
      "lada": "846",
      "ciudad": "Buenavista (Ejido Buena Vista)",
      "estado": "Veracruz",
      "tipo": "normal",
      "region": "golfo",
      "cve_entidad": "30",
      "cve_municipio": "001"
    },
    {
      "lada": "861",
      "ciudad": "Piedras Negras",
      "estado": "Coahuila",
      "tipo": "fronteriza",
      "region": "noreste",
      "cve_entidad": "05",
      "cve_municipio": "025"
    },
    {
      "lada": "862",
      "ciudad": "Allende",
      "estado": "Coahuila",
      "tipo": "normal",
      "region": "noreste",
      "cve_entidad": "05",
      "cve_municipio": "003"
    },
    {
      "lada": "864",
      "ciudad": "Las Esperanzas",
      "estado": "Coahuila",
      "tipo": "normal",
      "region": "noreste",
      "cve_entidad": "05",
      "cve_municipio": "001"
    },
    {
      "lada": "866",
      "ciudad": "Sabinas",
      "estado": "Coahuila",
      "tipo": "normal",
      "region": "noreste",
      "cve_entidad": "05",
      "cve_municipio": "028"
    },
    {
      "lada": "867",
      "ciudad": "Matamoros",
      "estado": "Tamaulipas",
      "tipo": "fronteriza",
      "region": "noreste",
      "cve_entidad": "28",
      "cve_municipio": "022"
    },
    {
      "lada": "868",
      "ciudad": "Reynosa",
      "estado": "Tamaulipas",
      "tipo": "fronteriza",
      "region": "noreste",
      "cve_entidad": "28",
      "cve_municipio": "032"
    },
    {
      "lada": "869",
      "ciudad": "Nuevo Laredo",
      "estado": "Tamaulipas",
      "tipo": "fronteriza",
      "region": "noreste",
      "cve_entidad": "28",
      "cve_municipio": "027"
    },
    {
      "lada": "871",
      "ciudad": "Torreón",
      "estado": "Coahuila",
      "tipo": "metropolitana",
      "region": "norte",
      "cve_entidad": "05",
      "cve_municipio": "035"
    },
    {
      "lada": "872",
      "ciudad": "Gómez Palacio",
      "estado": "Durango",
      "tipo": "normal",
      "region": "norte",
      "cve_entidad": "10",
      "cve_municipio": "007"
    },
    {
      "lada": "873",
      "ciudad": "San Pedro de las Colonias",
      "estado": "Coahuila",
      "tipo": "normal",
      "region": "norte",
      "cve_entidad": "05",
      "cve_municipio": "028"
    },
    {
      "lada": "877",
      "ciudad": "Ciudad Acuña",
      "estado": "Coahuila",
      "tipo": "fronteriza",
      "region": "noreste",
      "cve_entidad": "05",
      "cve_municipio": "001"
    },
    {
      "lada": "878",
      "ciudad": "Jiménez",
      "estado": "Coahuila",
      "tipo": "normal",
      "region": "noreste",
      "cve_entidad": "05",
      "cve_municipio": "014"
    },
    {
      "lada": "891",
      "ciudad": "Ciudad Camargo",
      "estado": "Tamaulipas",
      "tipo": "normal",
      "region": "noreste",
      "cve_entidad": "28",
      "cve_municipio": "009"
    },
    {
      "lada": "892",
      "ciudad": "Agualeguas",
      "estado": "Nuevo León",
      "tipo": "normal",
      "region": "noreste",
      "cve_entidad": "19",
      "cve_municipio": "002"
    },
    {
      "lada": "894",
      "ciudad": "Anáhuac",
      "estado": "Tamaulipas",
      "tipo": "normal",
      "region": "noreste",
      "cve_entidad": "28",
      "cve_municipio": "001"
    },
    {
      "lada": "897",
      "ciudad": "Arcabuz",
      "estado": "Tamaulipas",
      "tipo": "normal",
      "region": "noreste",
      "cve_entidad": "28",
      "cve_municipio": "001"
    },
    {
      "lada": "899",
      "ciudad": "La Soledad",
      "estado": "Tamaulipas",
      "tipo": "normal",
      "region": "noreste",
      "cve_entidad": "28",
      "cve_municipio": "001"
    },
    {
      "lada": "913",
      "ciudad": "Palizada",
      "estado": "Campeche",
      "tipo": "normal",
      "region": "sureste",
      "cve_entidad": "04",
      "cve_municipio": "007"
    },
    {
      "lada": "914",
      "ciudad": "Ayapa",
      "estado": "Tabasco",
      "tipo": "normal",
      "region": "sureste",
      "cve_entidad": "27",
      "cve_municipio": "016"
    },
    {
      "lada": "916",
      "ciudad": "Palenque",
      "estado": "Chiapas",
      "tipo": "normal",
      "region": "sur",
      "cve_entidad": "07",
      "cve_municipio": "065"
    },
    {
      "lada": "917",
      "ciudad": "Las Garzas",
      "estado": "Chiapas",
      "tipo": "normal",
      "region": "sur",
      "cve_entidad": "07",
      "cve_municipio": "052"
    },
    {
      "lada": "918",
      "ciudad": "Acacoyagua",
      "estado": "Chiapas",
      "tipo": "normal",
      "region": "sur",
      "cve_entidad": "07",
      "cve_municipio": "001"
    },
    {
      "lada": "919",
      "ciudad": "Altamirano",
      "estado": "Chiapas",
      "tipo": "normal",
      "region": "sur",
      "cve_entidad": "07",
      "cve_municipio": "004"
    },
    {
      "lada": "921",
      "ciudad": "Allende",
      "estado": "Veracruz",
      "tipo": "normal",
      "region": "golfo",
      "cve_entidad": "30",
      "cve_municipio": "001"
    },
    {
      "lada": "922",
      "ciudad": "Barranca (Buenos Aires)",
      "estado": "Veracruz",
      "tipo": "normal",
      "region": "golfo",
      "cve_entidad": "30",
      "cve_municipio": "001"
    },
    {
      "lada": "923",
      "ciudad": "Francisco Rueda",
      "estado": "Tabasco",
      "tipo": "normal",
      "region": "sureste",
      "cve_entidad": "27",
      "cve_municipio": "001"
    },
    {
      "lada": "924",
      "ciudad": "El Porvenir",
      "estado": "Oaxaca",
      "tipo": "normal",
      "region": "sur",
      "cve_entidad": "20",
      "cve_municipio": "001"
    },
    {
      "lada": "932",
      "ciudad": "Ixtacomitán",
      "estado": "Chiapas",
      "tipo": "normal",
      "region": "sur",
      "cve_entidad": "07",
      "cve_municipio": "043"
    },
    {
      "lada": "933",
      "ciudad": "Carlos Greene",
      "estado": "Tabasco",
      "tipo": "normal",
      "region": "sureste",
      "cve_entidad": "27",
      "cve_municipio": "001"
    },
    {
      "lada": "934",
      "ciudad": "La Libertad",
      "estado": "Chiapas",
      "tipo": "normal",
      "region": "sur",
      "cve_entidad": "07",
      "cve_municipio": "050"
    },
    {
      "lada": "936",
      "ciudad": "Aquilés Serdán (San Fernando)",
      "estado": "Tabasco",
      "tipo": "normal",
      "region": "sureste",
      "cve_entidad": "27",
      "cve_municipio": "001"
    },
    {
      "lada": "937",
      "ciudad": "Cárdenas",
      "estado": "Tabasco",
      "tipo": "normal",
      "region": "sureste",
      "cve_entidad": "27",
      "cve_municipio": "002"
    },
    {
      "lada": "938",
      "ciudad": "Atasta",
      "estado": "Campeche",
      "tipo": "normal",
      "region": "sureste",
      "cve_entidad": "04",
      "cve_municipio": "001"
    },
    {
      "lada": "951",
      "ciudad": "Oaxaca",
      "estado": "Oaxaca",
      "tipo": "metropolitana",
      "region": "sur",
      "cve_entidad": "20",
      "cve_municipio": "067"
    },
    {
      "lada": "953",
      "ciudad": "Asunción Atoyaquillo",
      "estado": "Oaxaca",
      "tipo": "normal",
      "region": "sur",
      "cve_entidad": "20",
      "cve_municipio": "006"
    },
    {
      "lada": "954",
      "ciudad": "Juchitán",
      "estado": "Oaxaca",
      "tipo": "normal",
      "region": "sur",
      "cve_entidad": "20",
      "cve_municipio": "043"
    },
    {
      "lada": "958",
      "ciudad": "Bahías de Huatulco",
      "estado": "Oaxaca",
      "tipo": "turistica",
      "region": "sur",
      "cve_entidad": "20",
      "cve_municipio": "413"
    },
    {
      "lada": "961",
      "ciudad": "Tuxtla Gutiérrez",
      "estado": "Chiapas",
      "tipo": "metropolitana",
      "region": "sur",
      "cve_entidad": "07",
      "cve_municipio": "101"
    },
    {
      "lada": "962",
      "ciudad": "Agustín de Iturbide",
      "estado": "Chiapas",
      "tipo": "normal",
      "region": "sur",
      "cve_entidad": "07",
      "cve_municipio": "001"
    },
    {
      "lada": "963",
      "ciudad": "Tapachula",
      "estado": "Chiapas",
      "tipo": "fronteriza",
      "region": "sur",
      "cve_entidad": "07",
      "cve_municipio": "089"
    },
    {
      "lada": "964",
      "ciudad": "San Cristóbal de las Casas",
      "estado": "Chiapas",
      "tipo": "turistica",
      "region": "sur",
      "cve_entidad": "07",
      "cve_municipio": "078"
    },
    {
      "lada": "965",
      "ciudad": "Comitán",
      "estado": "Chiapas",
      "tipo": "normal",
      "region": "sur",
      "cve_entidad": "07",
      "cve_municipio": "043"
    },
    {
      "lada": "966",
      "ciudad": "Tonalá",
      "estado": "Chiapas",
      "tipo": "normal",
      "region": "sur",
      "cve_entidad": "07",
      "cve_municipio": "097"
    },
    {
      "lada": "967",
      "ciudad": "San Cristóbal de las Casas Centro",
      "estado": "Chiapas",
      "tipo": "turistica",
      "region": "sur",
      "cve_entidad": "07",
      "cve_municipio": "078"
    },
    {
      "lada": "968",
      "ciudad": "Ocosingo",
      "estado": "Chiapas",
      "tipo": "normal",
      "region": "sur",
      "cve_entidad": "07",
      "cve_municipio": "059"
    },
    {
      "lada": "969",
      "ciudad": "Pichucalco",
      "estado": "Chiapas",
      "tipo": "normal",
      "region": "sur",
      "cve_entidad": "07",
      "cve_municipio": "068"
    },
    {
      "lada": "971",
      "ciudad": "Tenosique",
      "estado": "Tabasco",
      "tipo": "normal",
      "region": "golfo",
      "cve_entidad": "27",
      "cve_municipio": "017"
    },
    {
      "lada": "972",
      "ciudad": "El Barrio de La Soledad",
      "estado": "Oaxaca",
      "tipo": "normal",
      "region": "sur",
      "cve_entidad": "20",
      "cve_municipio": "010"
    },
    {
      "lada": "981",
      "ciudad": "Ciudad del Carmen",
      "estado": "Campeche",
      "tipo": "normal",
      "region": "sureste",
      "cve_entidad": "04",
      "cve_municipio": "003"
    },
    {
      "lada": "982",
      "ciudad": "Escárcega",
      "estado": "Campeche",
      "tipo": "normal",
      "region": "sureste",
      "cve_entidad": "04",
      "cve_municipio": "009"
    },
    {
      "lada": "983",
      "ciudad": "Chetumal",
      "estado": "Quintana Roo",
      "tipo": "fronteriza",
      "region": "sureste",
      "cve_entidad": "23",
      "cve_municipio": "004"
    },
    {
      "lada": "984",
      "ciudad": "Playa del Carmen",
      "estado": "Quintana Roo",
      "tipo": "turistica",
      "region": "sureste",
      "cve_entidad": "23",
      "cve_municipio": "008"
    },
    {
      "lada": "985",
      "ciudad": "Chemax",
      "estado": "Yucatán",
      "tipo": "normal",
      "region": "sureste",
      "cve_entidad": "31",
      "cve_municipio": "019"
    },
    {
      "lada": "986",
      "ciudad": "Tizimín",
      "estado": "Yucatán",
      "tipo": "normal",
      "region": "sureste",
      "cve_entidad": "31",
      "cve_municipio": "096"
    },
    {
      "lada": "987",
      "ciudad": "Cozumel",
      "estado": "Quintana Roo",
      "tipo": "turistica",
      "region": "sureste",
      "cve_entidad": "23",
      "cve_municipio": "001"
    },
    {
      "lada": "988",
      "ciudad": "Cancún",
      "estado": "Quintana Roo",
      "tipo": "turistica",
      "region": "sureste",
      "cve_entidad": "23",
      "cve_municipio": "005"
    },
    {
      "lada": "991",
      "ciudad": "Progreso",
      "estado": "Yucatán",
      "tipo": "normal",
      "region": "sureste",
      "cve_entidad": "31",
      "cve_municipio": "059"
    },
    {
      "lada": "992",
      "ciudad": "Benito Juárez",
      "estado": "Chiapas",
      "tipo": "metropolitana",
      "region": "sur",
      "cve_entidad": "07",
      "cve_municipio": "105"
    },
    {
      "lada": "993",
      "ciudad": "Villahermosa",
      "estado": "Tabasco",
      "tipo": "metropolitana",
      "region": "golfo",
      "cve_entidad": "27",
      "cve_municipio": "004"
    },
    {
      "lada": "994",
      "ciudad": "Cárdenas",
      "estado": "Tabasco",
      "tipo": "normal",
      "region": "golfo",
      "cve_entidad": "27",
      "cve_municipio": "002"
    },
    {
      "lada": "995",
      "ciudad": "El Camarón",
      "estado": "Oaxaca",
      "tipo": "normal",
      "region": "sur",
      "cve_entidad": "20",
      "cve_municipio": "001"
    },
    {
      "lada": "996",
      "ciudad": "Campeche",
      "estado": "Campeche",
      "tipo": "normal",
      "region": "sureste",
      "cve_entidad": "04",
      "cve_municipio": "002"
    },
    {
      "lada": "997",
      "ciudad": "Valladolid",
      "estado": "Yucatán",
      "tipo": "normal",
      "region": "sureste",
      "cve_entidad": "31",
      "cve_municipio": "102"
    },
    {
      "lada": "998",
      "ciudad": "Alfredo V. Bonfil",
      "estado": "Quintana Roo",
      "tipo": "normal",
      "region": "sureste",
      "cve_entidad": "23",
      "cve_municipio": "001"
    },
    {
      "lada": "999",
      "ciudad": "Mérida",
      "estado": "Yucatán",
      "tipo": "metropolitana",
      "region": "sureste",
      "cve_entidad": "31",
      "cve_municipio": "050"
    }
  ],
  "tipos_lada": {
    "metropolitana": "Zona metropolitana importante",
    "fronteriza": "Ciudad en frontera con USA",
    "turistica": "Destino turístico importante",
    "normal": "Código de área estándar"
  },
  "regiones": [
    "noroeste",
    "norte",
    "noreste",
    "occidente",
    "centro",
    "golfo",
    "sur",
    "sureste"
  ],
  "marcacion_actual": {
    "descripcion": "Plan de marcación cerrado de 10 dígitos (desde agosto 2019)",
    "formato": "LADA + Número local = 10 dígitos totales",
    "ejemplo": "55 1234 5678 (CDMX)",
    "prefijos_obsoletos": [
      "01",
      "044",
      "045",
      "1"
    ],
    "vigencia": "2019-08-03"
  },
  "estadisticas": {
    "total_codigos": 231,
    "codigos_metropolitanos": 11,
    "codigos_fronterizos": 14,
    "codigos_turisticos": 14,
    "estados_cubiertos": 32
  }
}