{
  "metadata": {
    "catalog": "SEPOMEX",
    "version": "2025-11",
    "source": "Servicio Postal Mexicano",
    "description": "Catálogo completo de códigos postales de México (32 estados)",
    "last_updated": "2025-11-08",
    "total_records": 273,
    "coverage": "Cubre los 32 estados con códigos postales de capitales y ciudades principales",
    "notes": "Catálogo con códigos postales clave. Para catálogo completo (~150,000), ejecutar scripts/download_sepomex_complete.py",
    "download_url": "https://www.correosdemexico.gob.mx/SSLServicios/ConsultaCP/CodigoPostal_Exportar.aspx"
  },
  "codigos_postales": [
    {
      "cp": "20000",
      "asentamiento": "Zona Centro",
      "tipo_asentamiento": "Colonia",
      "municipio": "Aguascalientes",
      "estado": "Aguascalientes",
      "ciudad": "Aguascalientes",
      "cp_oficina": "20001",
      "codigo_estado": "01",
      "codigo_municipio": "001"
    },
    {
      "cp": "20010",
      "asentamiento": "Barrio de San Marcos",
      "tipo_asentamiento": "Barrio",
      "municipio": "Aguascalientes",
      "estado": "Aguascalientes",
      "ciudad": "Aguascalientes",
      "cp_oficina": "20011",
      "codigo_estado": "01",
      "codigo_municipio": "001"
    },
    {
      "cp": "20100",
      "asentamiento": "Del Valle",
      "tipo_asentamiento": "Colonia",
      "municipio": "Aguascalientes",
      "estado": "Aguascalientes",
      "ciudad": "Aguascalientes",
      "cp_oficina": "20101",
      "codigo_estado": "01",
      "codigo_municipio": "001"
    },
    {
      "cp": "20200",
      "asentamiento": "Modelo",
      "tipo_asentamiento": "Colonia",
      "municipio": "Aguascalientes",
      "estado": "Aguascalientes",
      "ciudad": "Aguascalientes",
      "cp_oficina": "20201",
      "codigo_estado": "01",
      "codigo_municipio": "001"
    },
    {
      "cp": "20300",
      "asentamiento": "Jardines de la Asunción",
      "tipo_asentamiento": "Fraccionamiento",
      "municipio": "Aguascalientes",
      "estado": "Aguascalientes",
      "ciudad": "Aguascalientes",
      "cp_oficina": "20301",
      "codigo_estado": "01",
      "codigo_municipio": "001"
    },
    {
      "cp": "20900",
      "asentamiento": "Insurgentes",
      "tipo_asentamiento": "Colonia",
      "municipio": "Aguascalientes",
      "estado": "Aguascalientes",
      "ciudad": "Aguascalientes",
      "cp_oficina": "20901",
      "codigo_estado": "01",
      "codigo_municipio": "001"
    },
    {
      "cp": "21000",
      "asentamiento": "Mexicali Centro",
      "tipo_asentamiento": "Colonia",
      "municipio": "Mexicali",
      "estado": "Baja California",
      "ciudad": "Mexicali",
      "cp_oficina": "21001",
      "codigo_estado": "02",
      "codigo_municipio": "002"
    },
    {
      "cp": "21100",
      "asentamiento": "Nueva",
      "tipo_asentamiento": "Colonia",
      "municipio": "Mexicali",
      "estado": "Baja California",
      "ciudad": "Mexicali",
      "cp_oficina": "21101",
      "codigo_estado": "02",
      "codigo_municipio": "002"
    },
    {
      "cp": "21200",
      "asentamiento": "Pueblo Nuevo",
      "tipo_asentamiento": "Colonia",
      "municipio": "Mexicali",
      "estado": "Baja California",
      "ciudad": "Mexicali",
      "cp_oficina": "21201",
      "codigo_estado": "02",
      "codigo_municipio": "002"
    },
    {
      "cp": "21300",
      "asentamiento": "Pro-Hogar",
      "tipo_asentamiento": "Colonia",
      "municipio": "Mexicali",
      "estado": "Baja California",
      "ciudad": "Mexicali",
      "cp_oficina": "21301",
      "codigo_estado": "02",
      "codigo_municipio": "002"
    },
    {
      "cp": "22000",
      "asentamiento": "Tijuana Centro",
      "tipo_asentamiento": "Colonia",
      "municipio": "Tijuana",
      "estado": "Baja California",
      "ciudad": "Tijuana",
      "cp_oficina": "22001",
      "codigo_estado": "02",
      "codigo_municipio": "004"
    },
    {
      "cp": "22010",
      "asentamiento": "Zona Centro",
      "tipo_asentamiento": "Colonia",
      "municipio": "Tijuana",
      "estado": "Baja California",
      "ciudad": "Tijuana",
      "cp_oficina": "22011",
      "codigo_estado": "02",
      "codigo_municipio": "004"
    },
    {
      "cp": "22100",
      "asentamiento": "Zona Río",
      "tipo_asentamiento": "Colonia",
      "municipio": "Tijuana",
      "estado": "Baja California",
      "ciudad": "Tijuana",
      "cp_oficina": "22101",
      "codigo_estado": "02",
      "codigo_municipio": "004"
    },
    {
      "cp": "22200",
      "asentamiento": "Zona Urbana Río Tijuana",
      "tipo_asentamiento": "Colonia",
      "municipio": "Tijuana",
      "estado": "Baja California",
      "ciudad": "Tijuana",
      "cp_oficina": "22201",
      "codigo_estado": "02",
      "codigo_municipio": "004"
    },
    {
      "cp": "22300",
      "asentamiento": "Libertad",
      "tipo_asentamiento": "Colonia",
      "municipio": "Tijuana",
      "estado": "Baja California",
      "ciudad": "Tijuana",
      "cp_oficina": "22301",
      "codigo_estado": "02",
      "codigo_municipio": "004"
    },
    {
      "cp": "22400",
      "asentamiento": "Mariano Matamoros",
      "tipo_asentamiento": "Colonia",
      "municipio": "Tijuana",
      "estado": "Baja California",
      "ciudad": "Tijuana",
      "cp_oficina": "22401",
      "codigo_estado": "02",
      "codigo_municipio": "004"
    },
    {
      "cp": "22700",
      "asentamiento": "Playas de Tijuana",
      "tipo_asentamiento": "Colonia",
      "municipio": "Tijuana",
      "estado": "Baja California",
      "ciudad": "Tijuana",
      "cp_oficina": "22701",
      "codigo_estado": "02",
      "codigo_municipio": "004"
    },
    {
      "cp": "22800",
      "asentamiento": "Ensenada Centro",
      "tipo_asentamiento": "Colonia",
      "municipio": "Ensenada",
      "estado": "Baja California",
      "ciudad": "Ensenada",
      "cp_oficina": "22801",
      "codigo_estado": "02",
      "codigo_municipio": "001"
    },
    {
      "cp": "22830",
      "asentamiento": "Zona Centro",
      "tipo_asentamiento": "Colonia",
      "municipio": "Ensenada",
      "estado": "Baja California",
      "ciudad": "Ensenada",
      "cp_oficina": "22831",
      "codigo_estado": "02",
      "codigo_municipio": "001"
    },
    {
      "cp": "23000",
      "asentamiento": "La Paz Centro",
      "tipo_asentamiento": "Colonia",
      "municipio": "La Paz",
      "estado": "Baja California Sur",
      "ciudad": "La Paz",
      "cp_oficina": "23001",
      "codigo_estado": "03",
      "codigo_municipio": "003"
    },
    {
      "cp": "23010",
      "asentamiento": "Centro",
      "tipo_asentamiento": "Colonia",
      "municipio": "La Paz",
      "estado": "Baja California Sur",
      "ciudad": "La Paz",
      "cp_oficina": "23011",
      "codigo_estado": "03",
      "codigo_municipio": "003"
    },
    {
      "cp": "23060",
      "asentamiento": "El Manglito",
      "tipo_asentamiento": "Colonia",
      "municipio": "La Paz",
      "estado": "Baja California Sur",
      "ciudad": "La Paz",
      "cp_oficina": "23061",
      "codigo_estado": "03",
      "codigo_municipio": "003"
    },
    {
      "cp": "23080",
      "asentamiento": "Lomas de Palmira",
      "tipo_asentamiento": "Colonia",
      "municipio": "La Paz",
      "estado": "Baja California Sur",
      "ciudad": "La Paz",
      "cp_oficina": "23081",
      "codigo_estado": "03",
      "codigo_municipio": "003"
    },
    {
      "cp": "23400",
      "asentamiento": "San José del Cabo Centro",
      "tipo_asentamiento": "Colonia",
      "municipio": "Los Cabos",
      "estado": "Baja California Sur",
      "ciudad": "San José del Cabo",
      "cp_oficina": "23401",
      "codigo_estado": "03",
      "codigo_municipio": "008"
    },
    {
      "cp": "23450",
      "asentamiento": "Cabo San Lucas Centro",
      "tipo_asentamiento": "Colonia",
      "municipio": "Los Cabos",
      "estado": "Baja California Sur",
      "ciudad": "Cabo San Lucas",
      "cp_oficina": "23451",
      "codigo_estado": "03",
      "codigo_municipio": "008"
    },
    {
      "cp": "24000",
      "asentamiento": "Campeche Centro",
      "tipo_asentamiento": "Colonia",
      "municipio": "Campeche",
      "estado": "Baja California",
      "ciudad": "San Francisco de Campeche",
      "cp_oficina": "24001",
      "codigo_estado": "04",
      "codigo_municipio": "002"
    },
    {
      "cp": "24010",
      "asentamiento": "Zona Centro",
      "tipo_asentamiento": "Colonia",
      "municipio": "Campeche",
      "estado": "Campeche",
      "ciudad": "San Francisco de Campeche",
      "cp_oficina": "24011",
      "codigo_estado": "04",
      "codigo_municipio": "002"
    },
    {
      "cp": "24020",
      "asentamiento": "Barrio de Guadalupe",
      "tipo_asentamiento": "Barrio",
      "municipio": "Campeche",
      "estado": "Campeche",
      "ciudad": "San Francisco de Campeche",
      "cp_oficina": "24021",
      "codigo_estado": "04",
      "codigo_municipio": "002"
    },
    {
      "cp": "24100",
      "asentamiento": "Aviación",
      "tipo_asentamiento": "Colonia",
      "municipio": "Campeche",
      "estado": "Campeche",
      "ciudad": "San Francisco de Campeche",
      "cp_oficina": "24101",
      "codigo_estado": "04",
      "codigo_municipio": "002"
    },
    {
      "cp": "24500",
      "asentamiento": "Ciudad del Carmen Centro",
      "tipo_asentamiento": "Colonia",
      "municipio": "Carmen",
      "estado": "Campeche",
      "ciudad": "Ciudad del Carmen",
      "cp_oficina": "24501",
      "codigo_estado": "04",
      "codigo_municipio": "003"
    },
    {
      "cp": "25000",
      "asentamiento": "Saltillo Centro",
      "tipo_asentamiento": "Colonia",
      "municipio": "Saltillo",
      "estado": "Coahuila",
      "ciudad": "Saltillo",
      "cp_oficina": "25001",
      "codigo_estado": "05",
      "codigo_municipio": "030"
    },
    {
      "cp": "25010",
      "asentamiento": "Zona Centro",
      "tipo_asentamiento": "Colonia",
      "municipio": "Saltillo",
      "estado": "Coahuila",
      "ciudad": "Saltillo",
      "cp_oficina": "25011",
      "codigo_estado": "05",
      "codigo_municipio": "030"
    },
    {
      "cp": "25100",
      "asentamiento": "República",
      "tipo_asentamiento": "Colonia",
      "municipio": "Saltillo",
      "estado": "Coahuila",
      "ciudad": "Saltillo",
      "cp_oficina": "25101",
      "codigo_estado": "05",
      "codigo_municipio": "030"
    },
    {
      "cp": "25200",
      "asentamiento": "Bella Vista",
      "tipo_asentamiento": "Colonia",
      "municipio": "Saltillo",
      "estado": "Coahuila",
      "ciudad": "Saltillo",
      "cp_oficina": "25201",
      "codigo_estado": "05",
      "codigo_municipio": "030"
    },
    {
      "cp": "25280",
      "asentamiento": "La Fuente",
      "tipo_asentamiento": "Fraccionamiento",
      "municipio": "Saltillo",
      "estado": "Coahuila",
      "ciudad": "Saltillo",
      "cp_oficina": "25281",
      "codigo_estado": "05",
      "codigo_municipio": "030"
    },
    {
      "cp": "27000",
      "asentamiento": "Torreón Centro",
      "tipo_asentamiento": "Colonia",
      "municipio": "Torreón",
      "estado": "Coahuila",
      "ciudad": "Torreón",
      "cp_oficina": "27001",
      "codigo_estado": "05",
      "codigo_municipio": "035"
    },
    {
      "cp": "27010",
      "asentamiento": "Zona Centro",
      "tipo_asentamiento": "Colonia",
      "municipio": "Torreón",
      "estado": "Coahuila",
      "ciudad": "Torreón",
      "cp_oficina": "27011",
      "codigo_estado": "05",
      "codigo_municipio": "035"
    },
    {
      "cp": "27100",
      "asentamiento": "Primero de Cobián",
      "tipo_asentamiento": "Colonia",
      "municipio": "Torreón",
      "estado": "Coahuila",
      "ciudad": "Torreón",
      "cp_oficina": "27101",
      "codigo_estado": "05",
      "codigo_municipio": "035"
    },
    {
      "cp": "25700",
      "asentamiento": "Monclova Centro",
      "tipo_asentamiento": "Colonia",
      "municipio": "Monclova",
      "estado": "Coahuila",
      "ciudad": "Monclova",
      "cp_oficina": "25701",
      "codigo_estado": "05",
      "codigo_municipio": "018"
    },
    {
      "cp": "26000",
      "asentamiento": "Piedras Negras Centro",
      "tipo_asentamiento": "Colonia",
      "municipio": "Piedras Negras",
      "estado": "Coahuila",
      "ciudad": "Piedras Negras",
      "cp_oficina": "26001",
      "codigo_estado": "05",
      "codigo_municipio": "025"
    },
    {
      "cp": "28000",
      "asentamiento": "Colima Centro",
      "tipo_asentamiento": "Colonia",
      "municipio": "Colima",
      "estado": "Colima",
      "ciudad": "Colima",
      "cp_oficina": "28001",
      "codigo_estado": "06",
      "codigo_municipio": "002"
    },
    {
      "cp": "28010",
      "asentamiento": "Zona Centro",
      "tipo_asentamiento": "Colonia",
      "municipio": "Colima",
      "estado": "Colima",
      "ciudad": "Colima",
      "cp_oficina": "28011",
      "codigo_estado": "06",
      "codigo_municipio": "002"
    },
    {
      "cp": "28200",
      "asentamiento": "Jardines de Vista Hermosa",
      "tipo_asentamiento": "Fraccionamiento",
      "municipio": "Colima",
      "estado": "Colima",
      "ciudad": "Colima",
      "cp_oficina": "28201",
      "codigo_estado": "06",
      "codigo_municipio": "002"
    },
    {
      "cp": "28210",
      "asentamiento": "Manzanillo Centro",
      "tipo_asentamiento": "Colonia",
      "municipio": "Manzanillo",
      "estado": "Colima",
      "ciudad": "Manzanillo",
      "cp_oficina": "28211",
      "codigo_estado": "06",
      "codigo_municipio": "007"
    },
    {
      "cp": "28220",
      "asentamiento": "Salagua",
      "tipo_asentamiento": "Colonia",
      "municipio": "Manzanillo",
      "estado": "Colima",
      "ciudad": "Manzanillo",
      "cp_oficina": "28221",
      "codigo_estado": "06",
      "codigo_municipio": "007"
    },
    {
      "cp": "29000",
      "asentamiento": "Tuxtla Gutiérrez Centro",
      "tipo_asentamiento": "Colonia",
      "municipio": "Tuxtla Gutiérrez",
      "estado": "Chiapas",
      "ciudad": "Tuxtla Gutiérrez",
      "cp_oficina": "29001",
      "codigo_estado": "07",
      "codigo_municipio": "101"
    },
    {
      "cp": "29010",
      "asentamiento": "Zona Centro",
      "tipo_asentamiento": "Colonia",
      "municipio": "Tuxtla Gutiérrez",
      "estado": "Chiapas",
      "ciudad": "Tuxtla Gutiérrez",
      "cp_oficina": "29011",
      "codigo_estado": "07",
      "codigo_municipio": "101"
    },
    {
      "cp": "29020",
      "asentamiento": "Xamaipak",
      "tipo_asentamiento": "Barrio",
      "municipio": "Tuxtla Gutiérrez",
      "estado": "Chiapas",
      "ciudad": "Tuxtla Gutiérrez",
      "cp_oficina": "29021",
      "codigo_estado": "07",
      "codigo_municipio": "101"
    },
    {
      "cp": "29050",
      "asentamiento": "Las Granjas",
      "tipo_asentamiento": "Colonia",
      "municipio": "Tuxtla Gutiérrez",
      "estado": "Chiapas",
      "ciudad": "Tuxtla Gutiérrez",
      "cp_oficina": "29051",
      "codigo_estado": "07",
      "codigo_municipio": "101"
    },
    {
      "cp": "29200",
      "asentamiento": "San Cristóbal de las Casas Centro",
      "tipo_asentamiento": "Colonia",
      "municipio": "San Cristóbal de las Casas",
      "estado": "Chiapas",
      "ciudad": "San Cristóbal de las Casas",
      "cp_oficina": "29201",
      "codigo_estado": "07",
      "codigo_municipio": "078"
    },
    {
      "cp": "29230",
      "asentamiento": "La Merced",
      "tipo_asentamiento": "Barrio",
      "municipio": "San Cristóbal de las Casas",
      "estado": "Chiapas",
      "ciudad": "San Cristóbal de las Casas",
      "cp_oficina": "29231",
      "codigo_estado": "07",
      "codigo_municipio": "078"
    },
    {
      "cp": "30700",
      "asentamiento": "Tapachula Centro",
      "tipo_asentamiento": "Colonia",
      "municipio": "Tapachula",
      "estado": "Chiapas",
      "ciudad": "Tapachula",
      "cp_oficina": "30701",
      "codigo_estado": "07",
      "codigo_municipio": "089"
    },
    {
      "cp": "31000",
      "asentamiento": "Chihuahua Centro",
      "tipo_asentamiento": "Colonia",
      "municipio": "Chihuahua",
      "estado": "Chihuahua",
      "ciudad": "Chihuahua",
      "cp_oficina": "31001",
      "codigo_estado": "08",
      "codigo_municipio": "019"
    },
    {
      "cp": "31020",
      "asentamiento": "Zona Centro",
      "tipo_asentamiento": "Colonia",
      "municipio": "Chihuahua",
      "estado": "Chihuahua",
      "ciudad": "Chihuahua",
      "cp_oficina": "31021",
      "codigo_estado": "08",
      "codigo_municipio": "019"
    },
    {
      "cp": "31100",
      "asentamiento": "Santo Niño",
      "tipo_asentamiento": "Colonia",
      "municipio": "Chihuahua",
      "estado": "Chihuahua",
      "ciudad": "Chihuahua",
      "cp_oficina": "31101",
      "codigo_estado": "08",
      "codigo_municipio": "019"
    },
    {
      "cp": "31200",
      "asentamiento": "Pacífico",
      "tipo_asentamiento": "Colonia",
      "municipio": "Chihuahua",
      "estado": "Chihuahua",
      "ciudad": "Chihuahua",
      "cp_oficina": "31201",
      "codigo_estado": "08",
      "codigo_municipio": "019"
    },
    {
      "cp": "32000",
      "asentamiento": "Ciudad Juárez Centro",
      "tipo_asentamiento": "Colonia",
      "municipio": "Juárez",
      "estado": "Chihuahua",
      "ciudad": "Ciudad Juárez",
      "cp_oficina": "32001",
      "codigo_estado": "08",
      "codigo_municipio": "037"
    },
    {
      "cp": "32010",
      "asentamiento": "Zona Centro",
      "tipo_asentamiento": "Colonia",
      "municipio": "Juárez",
      "estado": "Chihuahua",
      "ciudad": "Ciudad Juárez",
      "cp_oficina": "32011",
      "codigo_estado": "08",
      "codigo_municipio": "037"
    },
    {
      "cp": "32300",
      "asentamiento": "Campestre",
      "tipo_asentamiento": "Colonia",
      "municipio": "Juárez",
      "estado": "Chihuahua",
      "ciudad": "Ciudad Juárez",
      "cp_oficina": "32301",
      "codigo_estado": "08",
      "codigo_municipio": "037"
    },
    {
      "cp": "32400",
      "asentamiento": "Fronteriza",
      "tipo_asentamiento": "Colonia",
      "municipio": "Juárez",
      "estado": "Chihuahua",
      "ciudad": "Ciudad Juárez",
      "cp_oficina": "32401",
      "codigo_estado": "08",
      "codigo_municipio": "037"
    },
    {
      "cp": "01000",
      "asentamiento": "San Ángel",
      "tipo_asentamiento": "Colonia",
      "municipio": "Álvaro Obregón",
      "estado": "Ciudad de México",
      "ciudad": "Ciudad de México",
      "cp_oficina": "01001",
      "codigo_estado": "09",
      "codigo_municipio": "010"
    },
    {
      "cp": "03100",
      "asentamiento": "Del Valle Centro",
      "tipo_asentamiento": "Colonia",
      "municipio": "Benito Juárez",
      "estado": "Ciudad de México",
      "ciudad": "Ciudad de México",
      "cp_oficina": "03101",
      "codigo_estado": "09",
      "codigo_municipio": "014"
    },
    {
      "cp": "03900",
      "asentamiento": "San Pedro de los Pinos",
      "tipo_asentamiento": "Colonia",
      "municipio": "Benito Juárez",
      "estado": "Ciudad de México",
      "ciudad": "Ciudad de México",
      "cp_oficina": "03901",
      "codigo_estado": "09",
      "codigo_municipio": "014"
    },
    {
      "cp": "03910",
      "asentamiento": "Nápoles",
      "tipo_asentamiento": "Colonia",
      "municipio": "Benito Juárez",
      "estado": "Ciudad de México",
      "ciudad": "Ciudad de México",
      "cp_oficina": "03911",
      "codigo_estado": "09",
      "codigo_municipio": "014"
    },
    {
      "cp": "04000",
      "asentamiento": "Villa Coyoacán",
      "tipo_asentamiento": "Pueblo",
      "municipio": "Coyoacán",
      "estado": "Ciudad de México",
      "ciudad": "Ciudad de México",
      "cp_oficina": "04001",
      "codigo_estado": "09",
      "codigo_municipio": "003"
    },
    {
      "cp": "04100",
      "asentamiento": "Del Carmen",
      "tipo_asentamiento": "Colonia",
      "municipio": "Coyoacán",
      "estado": "Ciudad de México",
      "ciudad": "Ciudad de México",
      "cp_oficina": "04101",
      "codigo_estado": "09",
      "codigo_municipio": "003"
    },
    {
      "cp": "06000",
      "asentamiento": "Centro (Área 1)",
      "tipo_asentamiento": "Colonia",
      "municipio": "Cuauhtémoc",
      "estado": "Ciudad de México",
      "ciudad": "Ciudad de México",
      "cp_oficina": "06002",
      "codigo_estado": "09",
      "codigo_municipio": "015"
    },
    {
      "cp": "06010",
      "asentamiento": "Centro (Área 2)",
      "tipo_asentamiento": "Colonia",
      "municipio": "Cuauhtémoc",
      "estado": "Ciudad de México",
      "ciudad": "Ciudad de México",
      "cp_oficina": "06012",
      "codigo_estado": "09",
      "codigo_municipio": "015"
    },
    {
      "cp": "06050",
      "asentamiento": "Centro (Área 3)",
      "tipo_asentamiento": "Colonia",
      "municipio": "Cuauhtémoc",
      "estado": "Ciudad de México",
      "ciudad": "Ciudad de México",
      "cp_oficina": "06052",
      "codigo_estado": "09",
      "codigo_municipio": "015"
    },
    {
      "cp": "06100",
      "asentamiento": "Centro (Área 4)",
      "tipo_asentamiento": "Colonia",
      "municipio": "Cuauhtémoc",
      "estado": "Ciudad de México",
      "ciudad": "Ciudad de México",
      "cp_oficina": "06102",
      "codigo_estado": "09",
      "codigo_municipio": "015"
    },
    {
      "cp": "06140",
      "asentamiento": "Centro (Área 5)",
      "tipo_asentamiento": "Colonia",
      "municipio": "Cuauhtémoc",
      "estado": "Ciudad de México",
      "ciudad": "Ciudad de México",
      "cp_oficina": "06142",
      "codigo_estado": "09",
      "codigo_municipio": "015"
    },
    {
      "cp": "06700",
      "asentamiento": "Roma Norte",
      "tipo_asentamiento": "Colonia",
      "municipio": "Cuauhtémoc",
      "estado": "Ciudad de México",
      "ciudad": "Ciudad de México",
      "cp_oficina": "06701",
      "codigo_estado": "09",
      "codigo_municipio": "015"
    },
    {
      "cp": "06760",
      "asentamiento": "Condesa",
      "tipo_asentamiento": "Colonia",
      "municipio": "Cuauhtémoc",
      "estado": "Ciudad de México",
      "ciudad": "Ciudad de México",
      "cp_oficina": "06761",
      "codigo_estado": "09",
      "codigo_municipio": "015"
    },
    {
      "cp": "06800",
      "asentamiento": "Juárez",
      "tipo_asentamiento": "Colonia",
      "municipio": "Cuauhtémoc",
      "estado": "Ciudad de México",
      "ciudad": "Ciudad de México",
      "cp_oficina": "06801",
      "codigo_estado": "09",
      "codigo_municipio": "015"
    },
    {
      "cp": "07000",
      "asentamiento": "Lindavista",
      "tipo_asentamiento": "Colonia",
      "municipio": "Gustavo A. Madero",
      "estado": "Ciudad de México",
      "ciudad": "Ciudad de México",
      "cp_oficina": "07001",
      "codigo_estado": "09",
      "codigo_municipio": "005"
    },
    {
      "cp": "07300",
      "asentamiento": "Villa Gustavo A. Madero",
      "tipo_asentamiento": "Pueblo",
      "municipio": "Gustavo A. Madero",
      "estado": "Ciudad de México",
      "ciudad": "Ciudad de México",
      "cp_oficina": "07301",
      "codigo_estado": "09",
      "codigo_municipio": "005"
    },
    {
      "cp": "08000",
      "asentamiento": "Ex-Hipódromo de Peralvillo",
      "tipo_asentamiento": "Colonia",
      "municipio": "Cuauhtémoc",
      "estado": "Ciudad de México",
      "ciudad": "Ciudad de México",
      "cp_oficina": "08001",
      "codigo_estado": "09",
      "codigo_municipio": "015"
    },
    {
      "cp": "09000",
      "asentamiento": "Iztacalco",
      "tipo_asentamiento": "Pueblo",
      "municipio": "Iztacalco",
      "estado": "Ciudad de México",
      "ciudad": "Ciudad de México",
      "cp_oficina": "09001",
      "codigo_estado": "09",
      "codigo_municipio": "006"
    },
    {
      "cp": "09100",
      "asentamiento": "Agrícola Pantitlán",
      "tipo_asentamiento": "Colonia",
      "municipio": "Iztacalco",
      "estado": "Ciudad de México",
      "ciudad": "Ciudad de México",
      "cp_oficina": "09101",
      "codigo_estado": "09",
      "codigo_municipio": "006"
    },
    {
      "cp": "09800",
      "asentamiento": "Iztapalapa Centro",
      "tipo_asentamiento": "Colonia",
      "municipio": "Iztapalapa",
      "estado": "Ciudad de México",
      "ciudad": "Ciudad de México",
      "cp_oficina": "09801",
      "codigo_estado": "09",
      "codigo_municipio": "007"
    },
    {
      "cp": "09900",
      "asentamiento": "San Lorenzo Tezonco",
      "tipo_asentamiento": "Pueblo",
      "municipio": "Iztapalapa",
      "estado": "Ciudad de México",
      "ciudad": "Ciudad de México",
      "cp_oficina": "09901",
      "codigo_estado": "09",
      "codigo_municipio": "007"
    },
    {
      "cp": "11000",
      "asentamiento": "Tacuba",
      "tipo_asentamiento": "Colonia",
      "municipio": "Miguel Hidalgo",
      "estado": "Ciudad de México",
      "ciudad": "Ciudad de México",
      "cp_oficina": "11001",
      "codigo_estado": "09",
      "codigo_municipio": "016"
    },
    {
      "cp": "11200",
      "asentamiento": "Observatorio",
      "tipo_asentamiento": "Colonia",
      "municipio": "Miguel Hidalgo",
      "estado": "Ciudad de México",
      "ciudad": "Ciudad de México",
      "cp_oficina": "11201",
      "codigo_estado": "09",
      "codigo_municipio": "016"
    },
    {
      "cp": "11510",
      "asentamiento": "Polanco I Sección",
      "tipo_asentamiento": "Colonia",
      "municipio": "Miguel Hidalgo",
      "estado": "Ciudad de México",
      "ciudad": "Ciudad de México",
      "cp_oficina": "11511",
      "codigo_estado": "09",
      "codigo_municipio": "016"
    },
    {
      "cp": "11520",
      "asentamiento": "Polanco II Sección",
      "tipo_asentamiento": "Colonia",
      "municipio": "Miguel Hidalgo",
      "estado": "Ciudad de México",
      "ciudad": "Ciudad de México",
      "cp_oficina": "11521",
      "codigo_estado": "09",
      "codigo_municipio": "016"
    },
    {
      "cp": "14000",
      "asentamiento": "Tlalpan Centro",
      "tipo_asentamiento": "Pueblo",
      "municipio": "Tlalpan",
      "estado": "Ciudad de México",
      "ciudad": "Ciudad de México",
      "cp_oficina": "14001",
      "codigo_estado": "09",
      "codigo_municipio": "012"
    },
    {
      "cp": "14200",
      "asentamiento": "Parres El Guarda",
      "tipo_asentamiento": "Pueblo",
      "municipio": "Tlalpan",
      "estado": "Ciudad de México",
      "ciudad": "Ciudad de México",
      "cp_oficina": "14201",
      "codigo_estado": "09",
      "codigo_municipio": "012"
    },
    {
      "cp": "15000",
      "asentamiento": "Tepeyac Insurgentes",
      "tipo_asentamiento": "Colonia",
      "municipio": "Gustavo A. Madero",
      "estado": "Ciudad de México",
      "ciudad": "Ciudad de México",
      "cp_oficina": "15001",
      "codigo_estado": "09",
      "codigo_municipio": "005"
    },
    {
      "cp": "15800",
      "asentamiento": "San Juan de Aragón",
      "tipo_asentamiento": "Colonia",
      "municipio": "Gustavo A. Madero",
      "estado": "Ciudad de México",
      "ciudad": "Ciudad de México",
      "cp_oficina": "15801",
      "codigo_estado": "09",
      "codigo_municipio": "005"
    },
    {
      "cp": "34000",
      "asentamiento": "Durango Centro",
      "tipo_asentamiento": "Colonia",
      "municipio": "Durango",
      "estado": "Durango",
      "ciudad": "Victoria de Durango",
      "cp_oficina": "34001",
      "codigo_estado": "10",
      "codigo_municipio": "005"
    },
    {
      "cp": "34010",
      "asentamiento": "Zona Centro",
      "tipo_asentamiento": "Colonia",
      "municipio": "Durango",
      "estado": "Durango",
      "ciudad": "Victoria de Durango",
      "cp_oficina": "34011",
      "codigo_estado": "10",
      "codigo_municipio": "005"
    },
    {
      "cp": "34100",
      "asentamiento": "Barrio de Tierra Blanca",
      "tipo_asentamiento": "Barrio",
      "municipio": "Durango",
      "estado": "Durango",
      "ciudad": "Victoria de Durango",
      "cp_oficina": "34101",
      "codigo_estado": "10",
      "codigo_municipio": "005"
    },
    {
      "cp": "34200",
      "asentamiento": "Predio Canoas",
      "tipo_asentamiento": "Colonia",
      "municipio": "Durango",
      "estado": "Durango",
      "ciudad": "Victoria de Durango",
      "cp_oficina": "34201",
      "codigo_estado": "10",
      "codigo_municipio": "005"
    },
    {
      "cp": "35000",
      "asentamiento": "Gómez Palacio Centro",
      "tipo_asentamiento": "Colonia",
      "municipio": "Gómez Palacio",
      "estado": "Durango",
      "ciudad": "Gómez Palacio",
      "cp_oficina": "35001",
      "codigo_estado": "10",
      "codigo_municipio": "007"
    },
    {
      "cp": "36000",
      "asentamiento": "Guanajuato Centro",
      "tipo_asentamiento": "Colonia",
      "municipio": "Guanajuato",
      "estado": "Guanajuato",
      "ciudad": "Guanajuato",
      "cp_oficina": "36001",
      "codigo_estado": "11",
      "codigo_municipio": "015"
    },
    {
      "cp": "36010",
      "asentamiento": "Zona Centro",
      "tipo_asentamiento": "Colonia",
      "municipio": "Guanajuato",
      "estado": "Guanajuato",
      "ciudad": "Guanajuato",
      "cp_oficina": "36011",
      "codigo_estado": "11",
      "codigo_municipio": "015"
    },
    {
      "cp": "37000",
      "asentamiento": "León Centro",
      "tipo_asentamiento": "Colonia",
      "municipio": "León",
      "estado": "Guanajuato",
      "ciudad": "León de los Aldama",
      "cp_oficina": "37001",
      "codigo_estado": "11",
      "codigo_municipio": "020"
    },
    {
      "cp": "37100",
      "asentamiento": "San Miguel",
      "tipo_asentamiento": "Colonia",
      "municipio": "León",
      "estado": "Guanajuato",
      "ciudad": "León de los Aldama",
      "cp_oficina": "37101",
      "codigo_estado": "11",
      "codigo_municipio": "020"
    },
    {
      "cp": "37200",
      "asentamiento": "Obregón",
      "tipo_asentamiento": "Colonia",
      "municipio": "León",
      "estado": "Guanajuato",
      "ciudad": "León de los Aldama",
      "cp_oficina": "37201",
      "codigo_estado": "11",
      "codigo_municipio": "020"
    },
    {
      "cp": "37300",
      "asentamiento": "Chapalita",
      "tipo_asentamiento": "Colonia",
      "municipio": "León",
      "estado": "Guanajuato",
      "ciudad": "León de los Aldama",
      "cp_oficina": "37301",
      "codigo_estado": "11",
      "codigo_municipio": "020"
    },
    {
      "cp": "38000",
      "asentamiento": "Celaya Centro",
      "tipo_asentamiento": "Colonia",
      "municipio": "Celaya",
      "estado": "Guanajuato",
      "ciudad": "Celaya",
      "cp_oficina": "38001",
      "codigo_estado": "11",
      "codigo_municipio": "007"
    },
    {
      "cp": "36500",
      "asentamiento": "Irapuato Centro",
      "tipo_asentamiento": "Colonia",
      "municipio": "Irapuato",
      "estado": "Guanajuato",
      "ciudad": "Irapuato",
      "cp_oficina": "36501",
      "codigo_estado": "11",
      "codigo_municipio": "017"
    },
    {
      "cp": "37700",
      "asentamiento": "San Miguel de Allende Centro",
      "tipo_asentamiento": "Colonia",
      "municipio": "San Miguel de Allende",
      "estado": "Guanajuato",
      "ciudad": "San Miguel de Allende",
      "cp_oficina": "37701",
      "codigo_estado": "11",
      "codigo_municipio": "003"
    },
    {
      "cp": "39000",
      "asentamiento": "Chilpancingo Centro",
      "tipo_asentamiento": "Colonia",
      "municipio": "Chilpancingo de los Bravo",
      "estado": "Guerrero",
      "ciudad": "Chilpancingo de los Bravo",
      "cp_oficina": "39001",
      "codigo_estado": "12",
      "codigo_municipio": "029"
    },
    {
      "cp": "39010",
      "asentamiento": "Zona Centro",
      "tipo_asentamiento": "Colonia",
      "municipio": "Chilpancingo de los Bravo",
      "estado": "Guerrero",
      "ciudad": "Chilpancingo de los Bravo",
      "cp_oficina": "39011",
      "codigo_estado": "12",
      "codigo_municipio": "029"
    },
    {
      "cp": "39300",
      "asentamiento": "Acapulco Centro",
      "tipo_asentamiento": "Colonia",
      "municipio": "Acapulco de Juárez",
      "estado": "Guerrero",
      "ciudad": "Acapulco de Juárez",
      "cp_oficina": "39301",
      "codigo_estado": "12",
      "codigo_municipio": "001"
    },
    {
      "cp": "39350",
      "asentamiento": "Hornos",
      "tipo_asentamiento": "Colonia",
      "municipio": "Acapulco de Juárez",
      "estado": "Guerrero",
      "ciudad": "Acapulco de Juárez",
      "cp_oficina": "39351",
      "codigo_estado": "12",
      "codigo_municipio": "001"
    },
    {
      "cp": "39670",
      "asentamiento": "Costa Azul",
      "tipo_asentamiento": "Fraccionamiento",
      "municipio": "Acapulco de Juárez",
      "estado": "Guerrero",
      "ciudad": "Acapulco de Juárez",
      "cp_oficina": "39671",
      "codigo_estado": "12",
      "codigo_municipio": "001"
    },
    {
      "cp": "40000",
      "asentamiento": "Iguala Centro",
      "tipo_asentamiento": "Colonia",
      "municipio": "Iguala de la Independencia",
      "estado": "Guerrero",
      "ciudad": "Iguala de la Independencia",
      "cp_oficina": "40001",
      "codigo_estado": "12",
      "codigo_municipio": "035"
    },
    {
      "cp": "40880",
      "asentamiento": "Zihuatanejo Centro",
      "tipo_asentamiento": "Colonia",
      "municipio": "Zihuatanejo de Azueta",
      "estado": "Guerrero",
      "ciudad": "Zihuatanejo",
      "cp_oficina": "40881",
      "codigo_estado": "12",
      "codigo_municipio": "041"
    },
    {
      "cp": "42000",
      "asentamiento": "Pachuca Centro",
      "tipo_asentamiento": "Colonia",
      "municipio": "Pachuca de Soto",
      "estado": "Hidalgo",
      "ciudad": "Pachuca de Soto",
      "cp_oficina": "42001",
      "codigo_estado": "13",
      "codigo_municipio": "048"
    },
    {
      "cp": "42010",
      "asentamiento": "Zona Centro",
      "tipo_asentamiento": "Colonia",
      "municipio": "Pachuca de Soto",
      "estado": "Hidalgo",
      "ciudad": "Pachuca de Soto",
      "cp_oficina": "42011",
      "codigo_estado": "13",
      "codigo_municipio": "048"
    },
    {
      "cp": "42080",
      "asentamiento": "Centro",
      "tipo_asentamiento": "Colonia",
      "municipio": "Pachuca de Soto",
      "estado": "Hidalgo",
      "ciudad": "Pachuca de Soto",
      "cp_oficina": "42081",
      "codigo_estado": "13",
      "codigo_municipio": "048"
    },
    {
      "cp": "42100",
      "asentamiento": "Periodistas",
      "tipo_asentamiento": "Colonia",
      "municipio": "Pachuca de Soto",
      "estado": "Hidalgo",
      "ciudad": "Pachuca de Soto",
      "cp_oficina": "42101",
      "codigo_estado": "13",
      "codigo_municipio": "048"
    },
    {
      "cp": "43000",
      "asentamiento": "Tulancingo Centro",
      "tipo_asentamiento": "Colonia",
      "municipio": "Tulancingo de Bravo",
      "estado": "Hidalgo",
      "ciudad": "Tulancingo de Bravo",
      "cp_oficina": "43001",
      "codigo_estado": "13",
      "codigo_municipio": "082"
    },
    {
      "cp": "44100",
      "asentamiento": "Guadalajara Centro",
      "tipo_asentamiento": "Colonia",
      "municipio": "Guadalajara",
      "estado": "Jalisco",
      "ciudad": "Guadalajara",
      "cp_oficina": "44101",
      "codigo_estado": "14",
      "codigo_municipio": "039"
    },
    {
      "cp": "44130",
      "asentamiento": "Centro",
      "tipo_asentamiento": "Colonia",
      "municipio": "Guadalajara",
      "estado": "Jalisco",
      "ciudad": "Guadalajara",
      "cp_oficina": "44131",
      "codigo_estado": "14",
      "codigo_municipio": "039"
    },
    {
      "cp": "44140",
      "asentamiento": "Zona Centro",
      "tipo_asentamiento": "Colonia",
      "municipio": "Guadalajara",
      "estado": "Jalisco",
      "ciudad": "Guadalajara",
      "cp_oficina": "44141",
      "codigo_estado": "14",
      "codigo_municipio": "039"
    },
    {
      "cp": "44150",
      "asentamiento": "Americana",
      "tipo_asentamiento": "Colonia",
      "municipio": "Guadalajara",
      "estado": "Jalisco",
      "ciudad": "Guadalajara",
      "cp_oficina": "44151",
      "codigo_estado": "14",
      "codigo_municipio": "039"
    },
    {
      "cp": "44160",
      "asentamiento": "Santa Teresita",
      "tipo_asentamiento": "Colonia",
      "municipio": "Guadalajara",
      "estado": "Jalisco",
      "ciudad": "Guadalajara",
      "cp_oficina": "44161",
      "codigo_estado": "14",
      "codigo_municipio": "039"
    },
    {
      "cp": "44200",
      "asentamiento": "Reforma",
      "tipo_asentamiento": "Colonia",
      "municipio": "Guadalajara",
      "estado": "Jalisco",
      "ciudad": "Guadalajara",
      "cp_oficina": "44201",
      "codigo_estado": "14",
      "codigo_municipio": "039"
    },
    {
      "cp": "44220",
      "asentamiento": "Lafayette",
      "tipo_asentamiento": "Colonia",
      "municipio": "Guadalajara",
      "estado": "Jalisco",
      "ciudad": "Guadalajara",
      "cp_oficina": "44221",
      "codigo_estado": "14",
      "codigo_municipio": "039"
    },
    {
      "cp": "44260",
      "asentamiento": "Arcos Vallarta",
      "tipo_asentamiento": "Colonia",
      "municipio": "Guadalajara",
      "estado": "Jalisco",
      "ciudad": "Guadalajara",
      "cp_oficina": "44261",
      "codigo_estado": "14",
      "codigo_municipio": "039"
    },
    {
      "cp": "44280",
      "asentamiento": "Ladrón de Guevara",
      "tipo_asentamiento": "Colonia",
      "municipio": "Guadalajara",
      "estado": "Jalisco",
      "ciudad": "Guadalajara",
      "cp_oficina": "44281",
      "codigo_estado": "14",
      "codigo_municipio": "039"
    },
    {
      "cp": "44300",
      "asentamiento": "Jardines del Bosque",
      "tipo_asentamiento": "Colonia",
      "municipio": "Guadalajara",
      "estado": "Jalisco",
      "ciudad": "Guadalajara",
      "cp_oficina": "44301",
      "codigo_estado": "14",
      "codigo_municipio": "039"
    },
    {
      "cp": "44600",
      "asentamiento": "Colinas de San Javier",
      "tipo_asentamiento": "Fraccionamiento",
      "municipio": "Guadalajara",
      "estado": "Jalisco",
      "ciudad": "Guadalajara",
      "cp_oficina": "44601",
      "codigo_estado": "14",
      "codigo_municipio": "039"
    },
    {
      "cp": "45050",
      "asentamiento": "Zapopan Centro",
      "tipo_asentamiento": "Colonia",
      "municipio": "Zapopan",
      "estado": "Jalisco",
      "ciudad": "Zapopan",
      "cp_oficina": "45051",
      "codigo_estado": "14",
      "codigo_municipio": "120"
    },
    {
      "cp": "45070",
      "asentamiento": "Zapopan Zona Centro",
      "tipo_asentamiento": "Colonia",
      "municipio": "Zapopan",
      "estado": "Jalisco",
      "ciudad": "Zapopan",
      "cp_oficina": "45071",
      "codigo_estado": "14",
      "codigo_municipio": "120"
    },
    {
      "cp": "45100",
      "asentamiento": "Chapalita",
      "tipo_asentamiento": "Colonia",
      "municipio": "Zapopan",
      "estado": "Jalisco",
      "ciudad": "Zapopan",
      "cp_oficina": "45101",
      "codigo_estado": "14",
      "codigo_municipio": "120"
    },
    {
      "cp": "45116",
      "asentamiento": "Ciudad Granja",
      "tipo_asentamiento": "Fraccionamiento",
      "municipio": "Zapopan",
      "estado": "Jalisco",
      "ciudad": "Zapopan",
      "cp_oficina": "45117",
      "codigo_estado": "14",
      "codigo_municipio": "120"
    },
    {
      "cp": "45200",
      "asentamiento": "Santa Margarita",
      "tipo_asentamiento": "Colonia",
      "municipio": "Zapopan",
      "estado": "Jalisco",
      "ciudad": "Zapopan",
      "cp_oficina": "45201",
      "codigo_estado": "14",
      "codigo_municipio": "120"
    },
    {
      "cp": "45500",
      "asentamiento": "San Isidro",
      "tipo_asentamiento": "Colonia",
      "municipio": "Zapopan",
      "estado": "Jalisco",
      "ciudad": "Zapopan",
      "cp_oficina": "45501",
      "codigo_estado": "14",
      "codigo_municipio": "120"
    },
    {
      "cp": "45645",
      "asentamiento": "Lomas de Zapopan",
      "tipo_asentamiento": "Fraccionamiento",
      "municipio": "Zapopan",
      "estado": "Jalisco",
      "ciudad": "Zapopan",
      "cp_oficina": "45646",
      "codigo_estado": "14",
      "codigo_municipio": "120"
    },
    {
      "cp": "48300",
      "asentamiento": "Puerto Vallarta Centro",
      "tipo_asentamiento": "Colonia",
      "municipio": "Puerto Vallarta",
      "estado": "Jalisco",
      "ciudad": "Puerto Vallarta",
      "cp_oficina": "48301",
      "codigo_estado": "14",
      "codigo_municipio": "070"
    },
    {
      "cp": "48310",
      "asentamiento": "Zona Centro",
      "tipo_asentamiento": "Colonia",
      "municipio": "Puerto Vallarta",
      "estado": "Jalisco",
      "ciudad": "Puerto Vallarta",
      "cp_oficina": "48311",
      "codigo_estado": "14",
      "codigo_municipio": "070"
    },
    {
      "cp": "50000",
      "asentamiento": "Toluca Centro",
      "tipo_asentamiento": "Colonia",
      "municipio": "Toluca",
      "estado": "México",
      "ciudad": "Toluca de Lerdo",
      "cp_oficina": "50001",
      "codigo_estado": "15",
      "codigo_municipio": "106"
    },
    {
      "cp": "50010",
      "asentamiento": "Zona Centro",
      "tipo_asentamiento": "Colonia",
      "municipio": "Toluca",
      "estado": "México",
      "ciudad": "Toluca de Lerdo",
      "cp_oficina": "50011",
      "codigo_estado": "15",
      "codigo_municipio": "106"
    },
    {
      "cp": "50090",
      "asentamiento": "Centro",
      "tipo_asentamiento": "Colonia",
      "municipio": "Toluca",
      "estado": "México",
      "ciudad": "Toluca de Lerdo",
      "cp_oficina": "50091",
      "codigo_estado": "15",
      "codigo_municipio": "106"
    },
    {
      "cp": "50100",
      "asentamiento": "San Bernardino",
      "tipo_asentamiento": "Barrio",
      "municipio": "Toluca",
      "estado": "México",
      "ciudad": "Toluca de Lerdo",
      "cp_oficina": "50101",
      "codigo_estado": "15",
      "codigo_municipio": "106"
    },
    {
      "cp": "50200",
      "asentamiento": "Universidad",
      "tipo_asentamiento": "Colonia",
      "municipio": "Toluca",
      "estado": "México",
      "ciudad": "Toluca de Lerdo",
      "cp_oficina": "50201",
      "codigo_estado": "15",
      "codigo_municipio": "106"
    },
    {
      "cp": "54000",
      "asentamiento": "Tlalnepantla Centro",
      "tipo_asentamiento": "Colonia",
      "municipio": "Tlalnepantla de Baz",
      "estado": "México",
      "ciudad": "Tlalnepantla de Baz",
      "cp_oficina": "54001",
      "codigo_estado": "15",
      "codigo_municipio": "104"
    },
    {
      "cp": "54050",
      "asentamiento": "San Javier",
      "tipo_asentamiento": "Colonia",
      "municipio": "Tlalnepantla de Baz",
      "estado": "México",
      "ciudad": "Tlalnepantla de Baz",
      "cp_oficina": "54051",
      "codigo_estado": "15",
      "codigo_municipio": "104"
    },
    {
      "cp": "55000",
      "asentamiento": "Ecatepec Centro",
      "tipo_asentamiento": "Colonia",
      "municipio": "Ecatepec de Morelos",
      "estado": "México",
      "ciudad": "Ecatepec de Morelos",
      "cp_oficina": "55001",
      "codigo_estado": "15",
      "codigo_municipio": "020"
    },
    {
      "cp": "55070",
      "asentamiento": "Zona Centro",
      "tipo_asentamiento": "Colonia",
      "municipio": "Ecatepec de Morelos",
      "estado": "México",
      "ciudad": "Ecatepec de Morelos",
      "cp_oficina": "55071",
      "codigo_estado": "15",
      "codigo_municipio": "020"
    },
    {
      "cp": "55700",
      "asentamiento": "San Cristóbal Centro",
      "tipo_asentamiento": "Colonia",
      "municipio": "Ecatepec de Morelos",
      "estado": "México",
      "ciudad": "Ecatepec de Morelos",
      "cp_oficina": "55701",
      "codigo_estado": "15",
      "codigo_municipio": "020"
    },
    {
      "cp": "57000",
      "asentamiento": "Nezahualcóyotl Centro",
      "tipo_asentamiento": "Colonia",
      "municipio": "Nezahualcóyotl",
      "estado": "México",
      "ciudad": "Nezahualcóyotl",
      "cp_oficina": "57001",
      "codigo_estado": "15",
      "codigo_municipio": "037"
    },
    {
      "cp": "57100",
      "asentamiento": "Vicente Villada",
      "tipo_asentamiento": "Colonia",
      "municipio": "Nezahualcóyotl",
      "estado": "México",
      "ciudad": "Nezahualcóyotl",
      "cp_oficina": "57101",
      "codigo_estado": "15",
      "codigo_municipio": "037"
    },
    {
      "cp": "53100",
      "asentamiento": "Naucalpan Centro",
      "tipo_asentamiento": "Colonia",
      "municipio": "Naucalpan de Juárez",
      "estado": "México",
      "ciudad": "Naucalpan de Juárez",
      "cp_oficina": "53101",
      "codigo_estado": "15",
      "codigo_municipio": "033"
    },
    {
      "cp": "53200",
      "asentamiento": "Los Cuartos",
      "tipo_asentamiento": "Colonia",
      "municipio": "Naucalpan de Juárez",
      "estado": "México",
      "ciudad": "Naucalpan de Juárez",
      "cp_oficina": "53201",
      "codigo_estado": "15",
      "codigo_municipio": "033"
    },
    {
      "cp": "58000",
      "asentamiento": "Morelia Centro",
      "tipo_asentamiento": "Colonia",
      "municipio": "Morelia",
      "estado": "Michoacán",
      "ciudad": "Morelia",
      "cp_oficina": "58001",
      "codigo_estado": "16",
      "codigo_municipio": "053"
    },
    {
      "cp": "58020",
      "asentamiento": "Centro Histórico",
      "tipo_asentamiento": "Colonia",
      "municipio": "Morelia",
      "estado": "Michoacán",
      "ciudad": "Morelia",
      "cp_oficina": "58021",
      "codigo_estado": "16",
      "codigo_municipio": "053"
    },
    {
      "cp": "58050",
      "asentamiento": "Zona Centro",
      "tipo_asentamiento": "Colonia",
      "municipio": "Morelia",
      "estado": "Michoacán",
      "ciudad": "Morelia",
      "cp_oficina": "58051",
      "codigo_estado": "16",
      "codigo_municipio": "053"
    },
    {
      "cp": "58100",
      "asentamiento": "Vasco de Quiroga",
      "tipo_asentamiento": "Colonia",
      "municipio": "Morelia",
      "estado": "Michoacán",
      "ciudad": "Morelia",
      "cp_oficina": "58101",
      "codigo_estado": "16",
      "codigo_municipio": "053"
    },
    {
      "cp": "60000",
      "asentamiento": "Uruapan Centro",
      "tipo_asentamiento": "Colonia",
      "municipio": "Uruapan",
      "estado": "Michoacán",
      "ciudad": "Uruapan",
      "cp_oficina": "60001",
      "codigo_estado": "16",
      "codigo_municipio": "102"
    },
    {
      "cp": "60050",
      "asentamiento": "Centro",
      "tipo_asentamiento": "Colonia",
      "municipio": "Uruapan",
      "estado": "Michoacán",
      "ciudad": "Uruapan",
      "cp_oficina": "60051",
      "codigo_estado": "16",
      "codigo_municipio": "102"
    },
    {
      "cp": "59600",
      "asentamiento": "Zamora Centro",
      "tipo_asentamiento": "Colonia",
      "municipio": "Zamora",
      "estado": "Michoacán",
      "ciudad": "Zamora de Hidalgo",
      "cp_oficina": "59601",
      "codigo_estado": "16",
      "codigo_municipio": "114"
    },
    {
      "cp": "62000",
      "asentamiento": "Cuernavaca Centro",
      "tipo_asentamiento": "Colonia",
      "municipio": "Cuernavaca",
      "estado": "Morelos",
      "ciudad": "Cuernavaca",
      "cp_oficina": "62001",
      "codigo_estado": "17",
      "codigo_municipio": "007"
    },
    {
      "cp": "62010",
      "asentamiento": "Zona Centro",
      "tipo_asentamiento": "Colonia",
      "municipio": "Cuernavaca",
      "estado": "Morelos",
      "ciudad": "Cuernavaca",
      "cp_oficina": "62011",
      "codigo_estado": "17",
      "codigo_municipio": "007"
    },
    {
      "cp": "62050",
      "asentamiento": "Centro",
      "tipo_asentamiento": "Colonia",
      "municipio": "Cuernavaca",
      "estado": "Morelos",
      "ciudad": "Cuernavaca",
      "cp_oficina": "62051",
      "codigo_estado": "17",
      "codigo_municipio": "007"
    },
    {
      "cp": "62100",
      "asentamiento": "Amatitlán",
      "tipo_asentamiento": "Colonia",
      "municipio": "Cuernavaca",
      "estado": "Morelos",
      "ciudad": "Cuernavaca",
      "cp_oficina": "62101",
      "codigo_estado": "17",
      "codigo_municipio": "007"
    },
    {
      "cp": "62230",
      "asentamiento": "Vista Hermosa",
      "tipo_asentamiento": "Colonia",
      "municipio": "Cuernavaca",
      "estado": "Morelos",
      "ciudad": "Cuernavaca",
      "cp_oficina": "62231",
      "codigo_estado": "17",
      "codigo_municipio": "007"
    },
    {
      "cp": "62300",
      "asentamiento": "Rancho Cortés",
      "tipo_asentamiento": "Colonia",
      "municipio": "Cuernavaca",
      "estado": "Morelos",
      "ciudad": "Cuernavaca",
      "cp_oficina": "06301",
      "codigo_estado": "17",
      "codigo_municipio": "007"
    },
    {
      "cp": "62740",
      "asentamiento": "Cuautla Centro",
      "tipo_asentamiento": "Colonia",
      "municipio": "Cuautla",
      "estado": "Morelos",
      "ciudad": "Cuautla de Morelos",
      "cp_oficina": "62741",
      "codigo_estado": "17",
      "codigo_municipio": "004"
    },
    {
      "cp": "63000",
      "asentamiento": "Tepic Centro",
      "tipo_asentamiento": "Colonia",
      "municipio": "Tepic",
      "estado": "Nayarit",
      "ciudad": "Tepic",
      "cp_oficina": "63001",
      "codigo_estado": "18",
      "codigo_municipio": "017"
    },
    {
      "cp": "63010",
      "asentamiento": "Zona Centro",
      "tipo_asentamiento": "Colonia",
      "municipio": "Tepic",
      "estado": "Nayarit",
      "ciudad": "Tepic",
      "cp_oficina": "63011",
      "codigo_estado": "18",
      "codigo_municipio": "017"
    },
    {
      "cp": "63100",
      "asentamiento": "Heriberto Casas",
      "tipo_asentamiento": "Colonia",
      "municipio": "Tepic",
      "estado": "Nayarit",
      "ciudad": "Tepic",
      "cp_oficina": "63101",
      "codigo_estado": "18",
      "codigo_municipio": "017"
    },
    {
      "cp": "63173",
      "asentamiento": "Ciudad del Valle",
      "tipo_asentamiento": "Fraccionamiento",
      "municipio": "Tepic",
      "estado": "Nayarit",
      "ciudad": "Tepic",
      "cp_oficina": "63174",
      "codigo_estado": "18",
      "codigo_municipio": "017"
    },
    {
      "cp": "64000",
      "asentamiento": "Monterrey Centro",
      "tipo_asentamiento": "Colonia",
      "municipio": "Monterrey",
      "estado": "Nuevo León",
      "ciudad": "Monterrey",
      "cp_oficina": "64001",
      "codigo_estado": "19",
      "codigo_municipio": "039"
    },
    {
      "cp": "64010",
      "asentamiento": "Zona Centro",
      "tipo_asentamiento": "Colonia",
      "municipio": "Monterrey",
      "estado": "Nuevo León",
      "ciudad": "Monterrey",
      "cp_oficina": "64011",
      "codigo_estado": "19",
      "codigo_municipio": "039"
    },
    {
      "cp": "64050",
      "asentamiento": "Centro",
      "tipo_asentamiento": "Colonia",
      "municipio": "Monterrey",
      "estado": "Nuevo León",
      "ciudad": "Monterrey",
      "cp_oficina": "64051",
      "codigo_estado": "19",
      "codigo_municipio": "039"
    },
    {
      "cp": "64100",
      "asentamiento": "Residencial San Agustín",
      "tipo_asentamiento": "Fraccionamiento",
      "municipio": "Monterrey",
      "estado": "Nuevo León",
      "ciudad": "Monterrey",
      "cp_oficina": "64101",
      "codigo_estado": "19",
      "codigo_municipio": "039"
    },
    {
      "cp": "64260",
      "asentamiento": "Del Valle",
      "tipo_asentamiento": "Colonia",
      "municipio": "Monterrey",
      "estado": "Nuevo León",
      "ciudad": "Monterrey",
      "cp_oficina": "64261",
      "codigo_estado": "19",
      "codigo_municipio": "039"
    },
    {
      "cp": "64460",
      "asentamiento": "Santa Catarina Centro",
      "tipo_asentamiento": "Colonia",
      "municipio": "Santa Catarina",
      "estado": "Nuevo León",
      "ciudad": "Monterrey",
      "cp_oficina": "64461",
      "codigo_estado": "19",
      "codigo_municipio": "048"
    },
    {
      "cp": "64500",
      "asentamiento": "San Nicolás Centro",
      "tipo_asentamiento": "Colonia",
      "municipio": "San Nicolás de los Garza",
      "estado": "Nuevo León",
      "ciudad": "Monterrey",
      "cp_oficina": "64501",
      "codigo_estado": "19",
      "codigo_municipio": "045"
    },
    {
      "cp": "64000",
      "asentamiento": "Guadalupe Centro",
      "tipo_asentamiento": "Colonia",
      "municipio": "Guadalupe",
      "estado": "Nuevo León",
      "ciudad": "Monterrey",
      "cp_oficina": "64001",
      "codigo_estado": "19",
      "codigo_municipio": "026"
    },
    {
      "cp": "66200",
      "asentamiento": "San Pedro Garza García Centro",
      "tipo_asentamiento": "Colonia",
      "municipio": "San Pedro Garza García",
      "estado": "Nuevo León",
      "ciudad": "Monterrey",
      "cp_oficina": "66201",
      "codigo_estado": "19",
      "codigo_municipio": "046"
    },
    {
      "cp": "66220",
      "asentamiento": "Del Valle",
      "tipo_asentamiento": "Colonia",
      "municipio": "San Pedro Garza García",
      "estado": "Nuevo León",
      "ciudad": "San Pedro Garza García",
      "cp_oficina": "66221",
      "codigo_estado": "19",
      "codigo_municipio": "046"
    },
    {
      "cp": "66260",
      "asentamiento": "Contry",
      "tipo_asentamiento": "Fraccionamiento",
      "municipio": "Monterrey",
      "estado": "Nuevo León",
      "ciudad": "Monterrey",
      "cp_oficina": "66261",
      "codigo_estado": "19",
      "codigo_municipio": "039"
    },
    {
      "cp": "67000",
      "asentamiento": "Guadalupe Centro",
      "tipo_asentamiento": "Colonia",
      "municipio": "Guadalupe",
      "estado": "Nuevo León",
      "ciudad": "Guadalupe",
      "cp_oficina": "67001",
      "codigo_estado": "19",
      "codigo_municipio": "026"
    },
    {
      "cp": "67100",
      "asentamiento": "Valle Soleado",
      "tipo_asentamiento": "Colonia",
      "municipio": "Guadalupe",
      "estado": "Nuevo León",
      "ciudad": "Guadalupe",
      "cp_oficina": "67101",
      "codigo_estado": "19",
      "codigo_municipio": "026"
    },
    {
      "cp": "68000",
      "asentamiento": "Oaxaca Centro",
      "tipo_asentamiento": "Colonia",
      "municipio": "Oaxaca de Juárez",
      "estado": "Oaxaca",
      "ciudad": "Oaxaca de Juárez",
      "cp_oficina": "68001",
      "codigo_estado": "20",
      "codigo_municipio": "067"
    },
    {
      "cp": "68010",
      "asentamiento": "Centro",
      "tipo_asentamiento": "Colonia",
      "municipio": "Oaxaca de Juárez",
      "estado": "Oaxaca",
      "ciudad": "Oaxaca de Juárez",
      "cp_oficina": "68011",
      "codigo_estado": "20",
      "codigo_municipio": "067"
    },
    {
      "cp": "68020",
      "asentamiento": "Centro Histórico",
      "tipo_asentamiento": "Colonia",
      "municipio": "Oaxaca de Juárez",
      "estado": "Oaxaca",
      "ciudad": "Oaxaca de Juárez",
      "cp_oficina": "68021",
      "codigo_estado": "20",
      "codigo_municipio": "067"
    },
    {
      "cp": "68050",
      "asentamiento": "Jalatlaco",
      "tipo_asentamiento": "Barrio",
      "municipio": "Oaxaca de Juárez",
      "estado": "Oaxaca",
      "ciudad": "Oaxaca de Juárez",
      "cp_oficina": "68051",
      "codigo_estado": "20",
      "codigo_municipio": "067"
    },
    {
      "cp": "68100",
      "asentamiento": "Ex Marquesado",
      "tipo_asentamiento": "Colonia",
      "municipio": "Oaxaca de Juárez",
      "estado": "Oaxaca",
      "ciudad": "Oaxaca de Juárez",
      "cp_oficina": "68101",
      "codigo_estado": "20",
      "codigo_municipio": "067"
    },
    {
      "cp": "72000",
      "asentamiento": "Puebla Centro",
      "tipo_asentamiento": "Colonia",
      "municipio": "Puebla",
      "estado": "Puebla",
      "ciudad": "Heroica Puebla de Zaragoza",
      "cp_oficina": "72001",
      "codigo_estado": "21",
      "codigo_municipio": "119"
    },
    {
      "cp": "72010",
      "asentamiento": "Centro Histórico",
      "tipo_asentamiento": "Colonia",
      "municipio": "Puebla",
      "estado": "Puebla",
      "ciudad": "Heroica Puebla de Zaragoza",
      "cp_oficina": "72011",
      "codigo_estado": "21",
      "codigo_municipio": "119"
    },
    {
      "cp": "72160",
      "asentamiento": "Zona Centro",
      "tipo_asentamiento": "Colonia",
      "municipio": "Puebla",
      "estado": "Puebla",
      "ciudad": "Heroica Puebla de Zaragoza",
      "cp_oficina": "72161",
      "codigo_estado": "21",
      "codigo_municipio": "119"
    },
    {
      "cp": "72410",
      "asentamiento": "Angelópolis",
      "tipo_asentamiento": "Fraccionamiento",
      "municipio": "Puebla",
      "estado": "Puebla",
      "ciudad": "Heroica Puebla de Zaragoza",
      "cp_oficina": "72411",
      "codigo_estado": "21",
      "codigo_municipio": "119"
    },
    {
      "cp": "72760",
      "asentamiento": "Centro Comercial Angelópolis",
      "tipo_asentamiento": "Fraccionamiento",
      "municipio": "Puebla",
      "estado": "Puebla",
      "ciudad": "Heroica Puebla de Zaragoza",
      "cp_oficina": "72761",
      "codigo_estado": "21",
      "codigo_municipio": "119"
    },
    {
      "cp": "74000",
      "asentamiento": "Cholula Centro",
      "tipo_asentamiento": "Colonia",
      "municipio": "San Andrés Cholula",
      "estado": "Puebla",
      "ciudad": "San Andrés Cholula",
      "cp_oficina": "74001",
      "codigo_estado": "21",
      "codigo_municipio": "114"
    },
    {
      "cp": "76000",
      "asentamiento": "Querétaro Centro",
      "tipo_asentamiento": "Colonia",
      "municipio": "Querétaro",
      "estado": "Querétaro",
      "ciudad": "Santiago de Querétaro",
      "cp_oficina": "76001",
      "codigo_estado": "22",
      "codigo_municipio": "014"
    },
    {
      "cp": "76010",
      "asentamiento": "Centro Histórico",
      "tipo_asentamiento": "Colonia",
      "municipio": "Querétaro",
      "estado": "Querétaro",
      "ciudad": "Santiago de Querétaro",
      "cp_oficina": "76011",
      "codigo_estado": "22",
      "codigo_municipio": "014"
    },
    {
      "cp": "76020",
      "asentamiento": "Zona Centro",
      "tipo_asentamiento": "Colonia",
      "municipio": "Querétaro",
      "estado": "Querétaro",
      "ciudad": "Santiago de Querétaro",
      "cp_oficina": "76021",
      "codigo_estado": "22",
      "codigo_municipio": "014"
    },
    {
      "cp": "76100",
      "asentamiento": "Carretas",
      "tipo_asentamiento": "Colonia",
      "municipio": "Querétaro",
      "estado": "Querétaro",
      "ciudad": "Santiago de Querétaro",
      "cp_oficina": "76101",
      "codigo_estado": "22",
      "codigo_municipio": "014"
    },
    {
      "cp": "76180",
      "asentamiento": "Juriquilla",
      "tipo_asentamiento": "Fraccionamiento",
      "municipio": "Querétaro",
      "estado": "Querétaro",
      "ciudad": "Santiago de Querétaro",
      "cp_oficina": "76181",
      "codigo_estado": "22",
      "codigo_municipio": "014"
    },
    {
      "cp": "76800",
      "asentamiento": "San Juan del Río Centro",
      "tipo_asentamiento": "Colonia",
      "municipio": "San Juan del Río",
      "estado": "Querétaro",
      "ciudad": "San Juan del Río",
      "cp_oficina": "76801",
      "codigo_estado": "22",
      "codigo_municipio": "016"
    },
    {
      "cp": "77500",
      "asentamiento": "Cancún Centro",
      "tipo_asentamiento": "Colonia",
      "municipio": "Benito Juárez",
      "estado": "Quintana Roo",
      "ciudad": "Cancún",
      "cp_oficina": "77501",
      "codigo_estado": "23",
      "codigo_municipio": "005"
    },
    {
      "cp": "77504",
      "asentamiento": "Supermanzana 2",
      "tipo_asentamiento": "Colonia",
      "municipio": "Benito Juárez",
      "estado": "Quintana Roo",
      "ciudad": "Cancún",
      "cp_oficina": "77505",
      "codigo_estado": "23",
      "codigo_municipio": "005"
    },
    {
      "cp": "77510",
      "asentamiento": "Supermanzana 15",
      "tipo_asentamiento": "Colonia",
      "municipio": "Benito Juárez",
      "estado": "Quintana Roo",
      "ciudad": "Cancún",
      "cp_oficina": "77511",
      "codigo_estado": "23",
      "codigo_municipio": "005"
    },
    {
      "cp": "77524",
      "asentamiento": "Supermanzana 20",
      "tipo_asentamiento": "Colonia",
      "municipio": "Benito Juárez",
      "estado": "Quintana Roo",
      "ciudad": "Cancún",
      "cp_oficina": "77525",
      "codigo_estado": "23",
      "codigo_municipio": "005"
    },
    {
      "cp": "77500",
      "asentamiento": "Zona Hotelera",
      "tipo_asentamiento": "Colonia",
      "municipio": "Benito Juárez",
      "estado": "Quintana Roo",
      "ciudad": "Cancún",
      "cp_oficina": "77501",
      "codigo_estado": "23",
      "codigo_municipio": "005"
    },
    {
      "cp": "77710",
      "asentamiento": "Playa del Carmen Centro",
      "tipo_asentamiento": "Colonia",
      "municipio": "Solidaridad",
      "estado": "Quintana Roo",
      "ciudad": "Playa del Carmen",
      "cp_oficina": "77711",
      "codigo_estado": "23",
      "codigo_municipio": "008"
    },
    {
      "cp": "77720",
      "asentamiento": "Zona Federal Marítima",
      "tipo_asentamiento": "Colonia",
      "municipio": "Solidaridad",
      "estado": "Quintana Roo",
      "ciudad": "Playa del Carmen",
      "cp_oficina": "77721",
      "codigo_estado": "23",
      "codigo_municipio": "008"
    },
    {
      "cp": "77000",
      "asentamiento": "Chetumal Centro",
      "tipo_asentamiento": "Colonia",
      "municipio": "Othón P. Blanco",
      "estado": "Quintana Roo",
      "ciudad": "Chetumal",
      "cp_oficina": "77001",
      "codigo_estado": "23",
      "codigo_municipio": "010"
    },
    {
      "cp": "78000",
      "asentamiento": "San Luis Potosí Centro",
      "tipo_asentamiento": "Colonia",
      "municipio": "San Luis Potosí",
      "estado": "San Luis Potosí",
      "ciudad": "San Luis Potosí",
      "cp_oficina": "78001",
      "codigo_estado": "24",
      "codigo_municipio": "028"
    },
    {
      "cp": "78010",
      "asentamiento": "Centro Histórico",
      "tipo_asentamiento": "Colonia",
      "municipio": "San Luis Potosí",
      "estado": "San Luis Potosí",
      "ciudad": "San Luis Potosí",
      "cp_oficina": "78011",
      "codigo_estado": "24",
      "codigo_municipio": "028"
    },
    {
      "cp": "78050",
      "asentamiento": "Zona Centro",
      "tipo_asentamiento": "Colonia",
      "municipio": "San Luis Potosí",
      "estado": "San Luis Potosí",
      "ciudad": "San Luis Potosí",
      "cp_oficina": "78051",
      "codigo_estado": "24",
      "codigo_municipio": "028"
    },
    {
      "cp": "78100",
      "asentamiento": "Del Valle",
      "tipo_asentamiento": "Colonia",
      "municipio": "San Luis Potosí",
      "estado": "San Luis Potosí",
      "ciudad": "San Luis Potosí",
      "cp_oficina": "78101",
      "codigo_estado": "24",
      "codigo_municipio": "028"
    },
    {
      "cp": "78200",
      "asentamiento": "Lomas",
      "tipo_asentamiento": "Colonia",
      "municipio": "San Luis Potosí",
      "estado": "San Luis Potosí",
      "ciudad": "San Luis Potosí",
      "cp_oficina": "78201",
      "codigo_estado": "24",
      "codigo_municipio": "028"
    },
    {
      "cp": "78390",
      "asentamiento": "Tangamanga",
      "tipo_asentamiento": "Fraccionamiento",
      "municipio": "San Luis Potosí",
      "estado": "San Luis Potosí",
      "ciudad": "San Luis Potosí",
      "cp_oficina": "78391",
      "codigo_estado": "24",
      "codigo_municipio": "028"
    },
    {
      "cp": "80000",
      "asentamiento": "Culiacán Centro",
      "tipo_asentamiento": "Colonia",
      "municipio": "Culiacán",
      "estado": "Sinaloa",
      "ciudad": "Culiacán Rosales",
      "cp_oficina": "80001",
      "codigo_estado": "25",
      "codigo_municipio": "006"
    },
    {
      "cp": "80010",
      "asentamiento": "Centro",
      "tipo_asentamiento": "Colonia",
      "municipio": "Culiacán",
      "estado": "Sinaloa",
      "ciudad": "Culiacán Rosales",
      "cp_oficina": "80011",
      "codigo_estado": "25",
      "codigo_municipio": "006"
    },
    {
      "cp": "80020",
      "asentamiento": "Zona Centro",
      "tipo_asentamiento": "Colonia",
      "municipio": "Culiacán",
      "estado": "Sinaloa",
      "ciudad": "Culiacán Rosales",
      "cp_oficina": "80021",
      "codigo_estado": "25",
      "codigo_municipio": "006"
    },
    {
      "cp": "80100",
      "asentamiento": "Guadalupe",
      "tipo_asentamiento": "Colonia",
      "municipio": "Culiacán",
      "estado": "Sinaloa",
      "ciudad": "Culiacán Rosales",
      "cp_oficina": "80101",
      "codigo_estado": "25",
      "codigo_municipio": "006"
    },
    {
      "cp": "80200",
      "asentamiento": "Recursos Hidráulicos",
      "tipo_asentamiento": "Colonia",
      "municipio": "Culiacán",
      "estado": "Sinaloa",
      "ciudad": "Culiacán Rosales",
      "cp_oficina": "80201",
      "codigo_estado": "25",
      "codigo_municipio": "006"
    },
    {
      "cp": "81200",
      "asentamiento": "Los Mochis Centro",
      "tipo_asentamiento": "Colonia",
      "municipio": "Ahome",
      "estado": "Sinaloa",
      "ciudad": "Los Mochis",
      "cp_oficina": "81201",
      "codigo_estado": "25",
      "codigo_municipio": "003"
    },
    {
      "cp": "81250",
      "asentamiento": "Centro",
      "tipo_asentamiento": "Colonia",
      "municipio": "Ahome",
      "estado": "Sinaloa",
      "ciudad": "Los Mochis",
      "cp_oficina": "81251",
      "codigo_estado": "25",
      "codigo_municipio": "003"
    },
    {
      "cp": "82000",
      "asentamiento": "Mazatlán Centro",
      "tipo_asentamiento": "Colonia",
      "municipio": "Mazatlán",
      "estado": "Sinaloa",
      "ciudad": "Mazatlán",
      "cp_oficina": "82001",
      "codigo_estado": "25",
      "codigo_municipio": "012"
    },
    {
      "cp": "82010",
      "asentamiento": "Centro",
      "tipo_asentamiento": "Colonia",
      "municipio": "Mazatlán",
      "estado": "Sinaloa",
      "ciudad": "Mazatlán",
      "cp_oficina": "82011",
      "codigo_estado": "25",
      "codigo_municipio": "012"
    },
    {
      "cp": "82100",
      "asentamiento": "Lomas de Mazatlán",
      "tipo_asentamiento": "Colonia",
      "municipio": "Mazatlán",
      "estado": "Sinaloa",
      "ciudad": "Mazatlán",
      "cp_oficina": "82101",
      "codigo_estado": "25",
      "codigo_municipio": "012"
    },
    {
      "cp": "82110",
      "asentamiento": "Zona Dorada",
      "tipo_asentamiento": "Colonia",
      "municipio": "Mazatlán",
      "estado": "Sinaloa",
      "ciudad": "Mazatlán",
      "cp_oficina": "82111",
      "codigo_estado": "25",
      "codigo_municipio": "012"
    },
    {
      "cp": "83000",
      "asentamiento": "Hermosillo Centro",
      "tipo_asentamiento": "Colonia",
      "municipio": "Hermosillo",
      "estado": "Sonora",
      "ciudad": "Hermosillo",
      "cp_oficina": "83001",
      "codigo_estado": "26",
      "codigo_municipio": "030"
    },
    {
      "cp": "83010",
      "asentamiento": "Centro",
      "tipo_asentamiento": "Colonia",
      "municipio": "Hermosillo",
      "estado": "Sonora",
      "ciudad": "Hermosillo",
      "cp_oficina": "83011",
      "codigo_estado": "26",
      "codigo_municipio": "030"
    },
    {
      "cp": "83100",
      "asentamiento": "Modelo",
      "tipo_asentamiento": "Colonia",
      "municipio": "Hermosillo",
      "estado": "Sonora",
      "ciudad": "Hermosillo",
      "cp_oficina": "83101",
      "codigo_estado": "26",
      "codigo_municipio": "030"
    },
    {
      "cp": "83200",
      "asentamiento": "Prados del Centenario",
      "tipo_asentamiento": "Colonia",
      "municipio": "Hermosillo",
      "estado": "Sonora",
      "ciudad": "Hermosillo",
      "cp_oficina": "83201",
      "codigo_estado": "26",
      "codigo_municipio": "030"
    },
    {
      "cp": "85000",
      "asentamiento": "Ciudad Obregón Centro",
      "tipo_asentamiento": "Colonia",
      "municipio": "Cajeme",
      "estado": "Sonora",
      "ciudad": "Ciudad Obregón",
      "cp_oficina": "85001",
      "codigo_estado": "26",
      "codigo_municipio": "017"
    },
    {
      "cp": "85010",
      "asentamiento": "Centro",
      "tipo_asentamiento": "Colonia",
      "municipio": "Cajeme",
      "estado": "Sonora",
      "ciudad": "Ciudad Obregón",
      "cp_oficina": "85011",
      "codigo_estado": "26",
      "codigo_municipio": "017"
    },
    {
      "cp": "84000",
      "asentamiento": "Nogales Centro",
      "tipo_asentamiento": "Colonia",
      "municipio": "Nogales",
      "estado": "Sonora",
      "ciudad": "Nogales",
      "cp_oficina": "84001",
      "codigo_estado": "26",
      "codigo_municipio": "043"
    },
    {
      "cp": "86000",
      "asentamiento": "Villahermosa Centro",
      "tipo_asentamiento": "Colonia",
      "municipio": "Centro",
      "estado": "Tabasco",
      "ciudad": "Villahermosa",
      "cp_oficina": "86001",
      "codigo_estado": "27",
      "codigo_municipio": "004"
    },
    {
      "cp": "86010",
      "asentamiento": "Zona Centro",
      "tipo_asentamiento": "Colonia",
      "municipio": "Centro",
      "estado": "Tabasco",
      "ciudad": "Villahermosa",
      "cp_oficina": "86011",
      "codigo_estado": "27",
      "codigo_municipio": "004"
    },
    {
      "cp": "86020",
      "asentamiento": "Centro Delegación Uno",
      "tipo_asentamiento": "Colonia",
      "municipio": "Centro",
      "estado": "Tabasco",
      "ciudad": "Villahermosa",
      "cp_oficina": "86021",
      "codigo_estado": "27",
      "codigo_municipio": "004"
    },
    {
      "cp": "86050",
      "asentamiento": "Centro Delegación Dos",
      "tipo_asentamiento": "Colonia",
      "municipio": "Centro",
      "estado": "Tabasco",
      "ciudad": "Villahermosa",
      "cp_oficina": "86051",
      "codigo_estado": "27",
      "codigo_municipio": "004"
    },
    {
      "cp": "86100",
      "asentamiento": "Tamulté de las Barrancas",
      "tipo_asentamiento": "Colonia",
      "municipio": "Centro",
      "estado": "Tabasco",
      "ciudad": "Villahermosa",
      "cp_oficina": "86101",
      "codigo_estado": "27",
      "codigo_municipio": "004"
    },
    {
      "cp": "86500",
      "asentamiento": "Cárdenas Centro",
      "tipo_asentamiento": "Colonia",
      "municipio": "Cárdenas",
      "estado": "Tabasco",
      "ciudad": "Cárdenas",
      "cp_oficina": "86501",
      "codigo_estado": "27",
      "codigo_municipio": "012"
    },
    {
      "cp": "87000",
      "asentamiento": "Ciudad Victoria Centro",
      "tipo_asentamiento": "Colonia",
      "municipio": "Victoria",
      "estado": "Tamaulipas",
      "ciudad": "Ciudad Victoria",
      "cp_oficina": "87001",
      "codigo_estado": "28",
      "codigo_municipio": "041"
    },
    {
      "cp": "87010",
      "asentamiento": "Centro",
      "tipo_asentamiento": "Colonia",
      "municipio": "Victoria",
      "estado": "Tamaulipas",
      "ciudad": "Ciudad Victoria",
      "cp_oficina": "87011",
      "codigo_estado": "28",
      "codigo_municipio": "041"
    },
    {
      "cp": "87300",
      "asentamiento": "Zona Centro",
      "tipo_asentamiento": "Colonia",
      "municipio": "Victoria",
      "estado": "Tamaulipas",
      "ciudad": "Ciudad Victoria",
      "cp_oficina": "87301",
      "codigo_estado": "28",
      "codigo_municipio": "041"
    },
    {
      "cp": "88000",
      "asentamiento": "Nuevo Laredo Centro",
      "tipo_asentamiento": "Colonia",
      "municipio": "Nuevo Laredo",
      "estado": "Tamaulipas",
      "ciudad": "Nuevo Laredo",
      "cp_oficina": "88001",
      "codigo_estado": "28",
      "codigo_municipio": "019"
    },
    {
      "cp": "88010",
      "asentamiento": "Centro",
      "tipo_asentamiento": "Colonia",
      "municipio": "Nuevo Laredo",
      "estado": "Tamaulipas",
      "ciudad": "Nuevo Laredo",
      "cp_oficina": "88011",
      "codigo_estado": "28",
      "codigo_municipio": "019"
    },
    {
      "cp": "88500",
      "asentamiento": "Reynosa Centro",
      "tipo_asentamiento": "Colonia",
      "municipio": "Reynosa",
      "estado": "Tamaulipas",
      "ciudad": "Reynosa",
      "cp_oficina": "88501",
      "codigo_estado": "28",
      "codigo_municipio": "032"
    },
    {
      "cp": "88510",
      "asentamiento": "Zona Centro",
      "tipo_asentamiento": "Colonia",
      "municipio": "Reynosa",
      "estado": "Tamaulipas",
      "ciudad": "Reynosa",
      "cp_oficina": "88511",
      "codigo_estado": "28",
      "codigo_municipio": "032"
    },
    {
      "cp": "89000",
      "asentamiento": "Tampico Centro",
      "tipo_asentamiento": "Colonia",
      "municipio": "Tampico",
      "estado": "Tamaulipas",
      "ciudad": "Tampico",
      "cp_oficina": "89001",
      "codigo_estado": "28",
      "codigo_municipio": "038"
    },
    {
      "cp": "89010",
      "asentamiento": "Zona Centro",
      "tipo_asentamiento": "Colonia",
      "municipio": "Tampico",
      "estado": "Tamaulipas",
      "ciudad": "Tampico",
      "cp_oficina": "89011",
      "codigo_estado": "28",
      "codigo_municipio": "038"
    },
    {
      "cp": "89100",
      "asentamiento": "Primero de Mayo",
      "tipo_asentamiento": "Colonia",
      "municipio": "Tampico",
      "estado": "Tamaulipas",
      "ciudad": "Tampico",
      "cp_oficina": "89101",
      "codigo_estado": "28",
      "codigo_municipio": "038"
    },
    {
      "cp": "88000",
      "asentamiento": "Matamoros Centro",
      "tipo_asentamiento": "Colonia",
      "municipio": "Matamoros",
      "estado": "Tamaulipas",
      "ciudad": "Matamoros",
      "cp_oficina": "88001",
      "codigo_estado": "28",
      "codigo_municipio": "022"
    },
    {
      "cp": "90000",
      "asentamiento": "Tlaxcala Centro",
      "tipo_asentamiento": "Colonia",
      "municipio": "Tlaxcala",
      "estado": "Tlaxcala",
      "ciudad": "Tlaxcala de Xicohténcatl",
      "cp_oficina": "90001",
      "codigo_estado": "29",
      "codigo_municipio": "001"
    },
    {
      "cp": "90010",
      "asentamiento": "Centro",
      "tipo_asentamiento": "Colonia",
      "municipio": "Tlaxcala",
      "estado": "Tlaxcala",
      "ciudad": "Tlaxcala de Xicohténcatl",
      "cp_oficina": "90011",
      "codigo_estado": "29",
      "codigo_municipio": "001"
    },
    {
      "cp": "90100",
      "asentamiento": "Ocotlán",
      "tipo_asentamiento": "Barrio",
      "municipio": "Tlaxcala",
      "estado": "Tlaxcala",
      "ciudad": "Tlaxcala de Xicohténcatl",
      "cp_oficina": "90101",
      "codigo_estado": "29",
      "codigo_municipio": "001"
    },
    {
      "cp": "90300",
      "asentamiento": "Apizaco Centro",
      "tipo_asentamiento": "Colonia",
      "municipio": "Apizaco",
      "estado": "Tlaxcala",
      "ciudad": "Apizaco",
      "cp_oficina": "90301",
      "codigo_estado": "29",
      "codigo_municipio": "003"
    },
    {
      "cp": "91000",
      "asentamiento": "Xalapa Centro",
      "tipo_asentamiento": "Colonia",
      "municipio": "Xalapa",
      "estado": "Veracruz",
      "ciudad": "Xalapa-Enríquez",
      "cp_oficina": "91001",
      "codigo_estado": "30",
      "codigo_municipio": "087"
    },
    {
      "cp": "91010",
      "asentamiento": "Zona Centro",
      "tipo_asentamiento": "Colonia",
      "municipio": "Xalapa",
      "estado": "Veracruz",
      "ciudad": "Xalapa-Enríquez",
      "cp_oficina": "91011",
      "codigo_estado": "30",
      "codigo_municipio": "087"
    },
    {
      "cp": "91020",
      "asentamiento": "Centro",
      "tipo_asentamiento": "Colonia",
      "municipio": "Xalapa",
      "estado": "Veracruz",
      "ciudad": "Xalapa-Enríquez",
      "cp_oficina": "91021",
      "codigo_estado": "30",
      "codigo_municipio": "087"
    },
    {
      "cp": "91700",
      "asentamiento": "Veracruz Centro",
      "tipo_asentamiento": "Colonia",
      "municipio": "Veracruz",
      "estado": "Veracruz",
      "ciudad": "Veracruz",
      "cp_oficina": "91701",
      "codigo_estado": "30",
      "codigo_municipio": "193"
    },
    {
      "cp": "91710",
      "asentamiento": "Centro",
      "tipo_asentamiento": "Colonia",
      "municipio": "Veracruz",
      "estado": "Veracruz",
      "ciudad": "Veracruz",
      "cp_oficina": "91711",
      "codigo_estado": "30",
      "codigo_municipio": "193"
    },
    {
      "cp": "91800",
      "asentamiento": "Formando Hogar",
      "tipo_asentamiento": "Colonia",
      "municipio": "Veracruz",
      "estado": "Veracruz",
      "ciudad": "Veracruz",
      "cp_oficina": "91801",
      "codigo_estado": "30",
      "codigo_municipio": "193"
    },
    {
      "cp": "91900",
      "asentamiento": "Mocambo",
      "tipo_asentamiento": "Colonia",
      "municipio": "Boca del Río",
      "estado": "Veracruz",
      "ciudad": "Veracruz",
      "cp_oficina": "91901",
      "codigo_estado": "30",
      "codigo_municipio": "028"
    },
    {
      "cp": "93300",
      "asentamiento": "Poza Rica Centro",
      "tipo_asentamiento": "Colonia",
      "municipio": "Poza Rica de Hidalgo",
      "estado": "Veracruz",
      "ciudad": "Poza Rica de Hidalgo",
      "cp_oficina": "93301",
      "codigo_estado": "30",
      "codigo_municipio": "131"
    },
    {
      "cp": "94500",
      "asentamiento": "Córdoba Centro",
      "tipo_asentamiento": "Colonia",
      "municipio": "Córdoba",
      "estado": "Veracruz",
      "ciudad": "Córdoba",
      "cp_oficina": "94501",
      "codigo_estado": "30",
      "codigo_municipio": "044"
    },
    {
      "cp": "96400",
      "asentamiento": "Coatzacoalcos Centro",
      "tipo_asentamiento": "Colonia",
      "municipio": "Coatzacoalcos",
      "estado": "Veracruz",
      "ciudad": "Coatzacoalcos",
      "cp_oficina": "96401",
      "codigo_estado": "30",
      "codigo_municipio": "030"
    },
    {
      "cp": "97000",
      "asentamiento": "Mérida Centro",
      "tipo_asentamiento": "Colonia",
      "municipio": "Mérida",
      "estado": "Yucatán",
      "ciudad": "Mérida",
      "cp_oficina": "97001",
      "codigo_estado": "31",
      "codigo_municipio": "050"
    },
    {
      "cp": "97010",
      "asentamiento": "Centro Histórico",
      "tipo_asentamiento": "Colonia",
      "municipio": "Mérida",
      "estado": "Yucatán",
      "ciudad": "Mérida",
      "cp_oficina": "97011",
      "codigo_estado": "31",
      "codigo_municipio": "050"
    },
    {
      "cp": "97050",
      "asentamiento": "Zona Centro",
      "tipo_asentamiento": "Colonia",
      "municipio": "Mérida",
      "estado": "Yucatán",
      "ciudad": "Mérida",
      "cp_oficina": "97051",
      "codigo_estado": "31",
      "codigo_municipio": "050"
    },
    {
      "cp": "97100",
      "asentamiento": "García Ginerés",
      "tipo_asentamiento": "Colonia",
      "municipio": "Mérida",
      "estado": "Yucatán",
      "ciudad": "Mérida",
      "cp_oficina": "97101",
      "codigo_estado": "31",
      "codigo_municipio": "050"
    },
    {
      "cp": "97200",
      "asentamiento": "México",
      "tipo_asentamiento": "Colonia",
      "municipio": "Mérida",
      "estado": "Yucatán",
      "ciudad": "Mérida",
      "cp_oficina": "97201",
      "codigo_estado": "31",
      "codigo_municipio": "050"
    },
    {
      "cp": "97203",
      "asentamiento": "Pensiones",
      "tipo_asentamiento": "Colonia",
      "municipio": "Mérida",
      "estado": "Yucatán",
      "ciudad": "Mérida",
      "cp_oficina": "97204",
      "codigo_estado": "31",
      "codigo_municipio": "050"
    },
    {
      "cp": "97218",
      "asentamiento": "Montes de Amé",
      "tipo_asentamiento": "Fraccionamiento",
      "municipio": "Mérida",
      "estado": "Yucatán",
      "ciudad": "Mérida",
      "cp_oficina": "97219",
      "codigo_estado": "31",
      "codigo_municipio": "050"
    },
    {
      "cp": "97300",
      "asentamiento": "Itzimná",
      "tipo_asentamiento": "Colonia",
      "municipio": "Mérida",
      "estado": "Yucatán",
      "ciudad": "Mérida",
      "cp_oficina": "97301",
      "codigo_estado": "31",
      "codigo_municipio": "050"
    },
    {
      "cp": "97780",
      "asentamiento": "Valladolid Centro",
      "tipo_asentamiento": "Colonia",
      "municipio": "Valladolid",
      "estado": "Yucatán",
      "ciudad": "Valladolid",
      "cp_oficina": "97781",
      "codigo_estado": "31",
      "codigo_municipio": "106"
    },
    {
      "cp": "98000",
      "asentamiento": "Zacatecas Centro",
      "tipo_asentamiento": "Colonia",
      "municipio": "Zacatecas",
      "estado": "Zacatecas",
      "ciudad": "Zacatecas",
      "cp_oficina": "98001",
      "codigo_estado": "32",
      "codigo_municipio": "056"
    },
    {
      "cp": "98010",
      "asentamiento": "Centro Histórico",
      "tipo_asentamiento": "Colonia",
      "municipio": "Zacatecas",
      "estado": "Zacatecas",
      "ciudad": "Zacatecas",
      "cp_oficina": "98011",
      "codigo_estado": "32",
      "codigo_municipio": "056"
    },
    {
      "cp": "98050",
      "asentamiento": "Zona Centro",
      "tipo_asentamiento": "Colonia",
      "municipio": "Zacatecas",
      "estado": "Zacatecas",
      "ciudad": "Zacatecas",
      "cp_oficina": "98051",
      "codigo_estado": "32",
      "codigo_municipio": "056"
    },
    {
      "cp": "98600",
      "asentamiento": "Guadalupe Centro",
      "tipo_asentamiento": "Colonia",
      "municipio": "Guadalupe",
      "estado": "Zacatecas",
      "ciudad": "Guadalupe",
      "cp_oficina": "98601",
      "codigo_estado": "32",
      "codigo_municipio": "017"
    }
  ]
}