[
  {
    "code": "AL",
    "name": "Alabama",
    "country": "USA"
  },
  {
    "code": "AK",
    "name": "Alaska",
    "country": "USA"
  },
  {
    "code": "AZ",
    "name": "Arizona",
    "country": "USA"
  },
  {
    "code": "AR",
    "name": "Arkansas",
    "country": "USA"
  },
  {
    "code": "CA",
    "name": "California",
    "country": "USA"
  },
  {
    "code": "CO",
    "name": "Colorado",
    "country": "USA"
  },
  {
    "code": "CT",
    "name": "Connecticut",
    "country": "USA"
  },
  {
    "code": "DE",
    "name": "Delaware",
    "country": "USA"
  },
  {
    "code": "FL",
    "name": "Florida",
    "country": "USA"
  },
  {
    "code": "GA",
    "name": "Georgia",
    "country": "USA"
  },
  {
    "code": "HI",
    "name": "Hawaii",
    "country": "USA"
  },
  {
    "code": "ID",
    "name": "Idaho",
    "country": "USA"
  },
  {
    "code": "IL",
    "name": "Illinois",
    "country": "USA"
  },
  {
    "code": "IN",
    "name": "Indiana",
    "country": "USA"
  },
  {
    "code": "IA",
    "name": "Iowa",
    "country": "USA"
  },
  {
    "code": "KS",
    "name": "Kansas",
    "country": "USA"
  },
  {
    "code": "KY",
    "name": "Kentucky",
    "country": "USA"
  },
  {
    "code": "LA",
    "name": "Louisiana",
    "country": "USA"
  },
  {
    "code": "ME",
    "name": "Maine",
    "country": "USA"
  },
  {
    "code": "MD",
    "name": "Maryland",
    "country": "USA"
  },
  {
    "code": "MA",
    "name": "Massachusetts",
    "country": "USA"
  },
  {
    "code": "MI",
    "name": "Michigan",
    "country": "USA"
  },
  {
    "code": "MN",
    "name": "Minnesota",
    "country": "USA"
  },
  {
    "code": "MS",
    "name": "Mississippi",
    "country": "USA"
  },
  {
    "code": "MO",
    "name": "Missouri",
    "country": "USA"
  },
  {
    "code": "MT",
    "name": "Montana",
    "country": "USA"
  },
  {
    "code": "NE",
    "name": "Nebraska",
    "country": "USA"
  },
  {
    "code": "NV",
    "name": "Nevada",
    "country": "USA"
  },
  {
    "code": "NH",
    "name": "New Hampshire",
    "country": "USA"
  },
  {
    "code": "NJ",
    "name": "New Jersey",
    "country": "USA"
  },
  {
    "code": "NM",
    "name": "New Mexico",
    "country": "USA"
  },
  {
    "code": "NY",
    "name": "New York",
    "country": "USA"
  },
  {
    "code": "NC",
    "name": "North Carolina",
    "country": "USA"
  },
  {
    "code": "ND",
    "name": "North Dakota",
    "country": "USA"
  },
  {
    "code": "OH",
    "name": "Ohio",
    "country": "USA"
  },
  {
    "code": "OK",
    "name": "Oklahoma",
    "country": "USA"
  },
  {
    "code": "OR",
    "name": "Oregon",
    "country": "USA"
  },
  {
    "code": "PA",
    "name": "Pennsylvania",
    "country": "USA"
  },
  {
    "code": "RI",
    "name": "Rhode Island",
    "country": "USA"
  },
  {
    "code": "SC",
    "name": "South Carolina",
    "country": "USA"
  },
  {
    "code": "SD",
    "name": "South Dakota",
    "country": "USA"
  },
  {
    "code": "TN",
    "name": "Tennessee",
    "country": "USA"
  },
  {
    "code": "TX",
    "name": "Texas",
    "country": "USA"
  },
  {
    "code": "UT",
    "name": "Utah",
    "country": "USA"
  },
  {
    "code": "VT",
    "name": "Vermont",
    "country": "USA"
  },
  {
    "code": "VA",
    "name": "Virginia",
    "country": "USA"
  },
  {
    "code": "WA",
    "name": "Washington",
    "country": "USA"
  },
  {
    "code": "WV",
    "name": "West Virginia",
    "country": "USA"
  },
  {
    "code": "WI",
    "name": "Wisconsin",
    "country": "USA"
  },
  {
    "code": "WY",
    "name": "Wyoming",
    "country": "USA"
  },
  {
    "code": "DC",
    "name": "District of Columbia",
    "country": "USA",
    "type": "district"
  },
  {
    "code": "PR",
    "name": "Puerto Rico",
    "country": "USA",
    "type": "territory"
  },
  {
    "code": "VI",
    "name": "U.S. Virgin Islands",
    "country": "USA",
    "type": "territory"
  },
  {
    "code": "GU",
    "name": "Guam",
    "country": "USA",
    "type": "territory"
  },
  {
    "code": "AS",
    "name": "American Samoa",
    "country": "USA",
    "type": "territory"
  },
  {
    "code": "MP",
    "name": "Northern Mariana Islands",
    "country": "USA",
    "type": "territory"
  },
  {
    "code": "AB",
    "name": "Alberta",
    "country": "CAN"
  },
  {
    "code": "BC",
    "name": "British Columbia",
    "country": "CAN"
  },
  {
    "code": "MB",
    "name": "Manitoba",
    "country": "CAN"
  },
  {
    "code": "NB",
    "name": "New Brunswick",
    "country": "CAN"
  },
  {
    "code": "NL",
    "name": "Newfoundland and Labrador",
    "country": "CAN"
  },
  {
    "code": "NT",
    "name": "Northwest Territories",
    "country": "CAN",
    "type": "territory"
  },
  {
    "code": "NS",
    "name": "Nova Scotia",
    "country": "CAN"
  },
  {
    "code": "NU",
    "name": "Nunavut",
    "country": "CAN",
    "type": "territory"
  },
  {
    "code": "ON",
    "name": "Ontario",
    "country": "CAN"
  },
  {
    "code": "PE",
    "name": "Prince Edward Island",
    "country": "CAN"
  },
  {
    "code": "QC",
    "name": "Quebec",
    "country": "CAN"
  },
  {
    "code": "SK",
    "name": "Saskatchewan",
    "country": "CAN"
  },
  {
    "code": "YT",
    "name": "Yukon",
    "country": "CAN",
    "type": "territory"
  }
]